ts_utc,lang,streams_total,viewers_total,categories_kept,duration_s
2026-08-31T19:18:49+00:00,fr,8325,279002,141,9.6
2026-08-31T23:17:25+00:00,fr,3937,150775,75,5.0
2026-09-01T01:58:00+00:00,fr,1702,54731,46,2.5
2026-09-01T07:40:41+00:00,fr,1547,38915,48,1.3
2026-09-01T12:20:21+00:00,fr,3741,103711,85,4.7
2026-09-01T16:55:16+00:00,fr,5290,186373,122,2.8
2026-09-01T19:56:13+00:00,fr,9160,293769,155,9.9
2026-09-01T22:35:57+00:00,fr,4908,170012,86,5.1
2026-09-02T00:32:17+00:00,fr,2690,85739,55,3.5
2026-09-02T05:04:53+00:00,fr,740,17925,32,1.5
2026-09-02T09:36:00+00:00,fr,2053,88780,75,1.8
2026-09-02T13:52:05+00:00,fr,4615,123605,92,4.9
2026-09-02T17:53:23+00:00,fr,4932,192031,118,7.6
2026-09-02T21:01:24+00:00,fr,8159,312083,127,10.3
2026-09-02T23:18:33+00:00,fr,3770,137491,71,4.8
2026-09-03T01:26:59+00:00,fr,1964,57643,41,1.3
2026-09-03T06:29:07+00:00,fr,907,22565,32,1.4
2026-09-03T11:42:57+00:00,fr,2570,86056,74,5.6
2026-09-03T15:14:00+00:00,fr,4370,108206,90,6.3
2026-09-03T18:52:21+00:00,fr,6449,285795,115,4.2
2026-09-03T21:41:50+00:00,fr,6767,289372,105,7.3
2026-09-03T23:32:22+00:00,fr,3425,108589,65,4.7
2026-09-04T01:21:38+00:00,fr,2081,59457,46,2.5
2026-09-04T06:32:03+00:00,fr,866,24815,36,1.2
2026-09-04T11:44:14+00:00,fr,2516,102445,65,3.3
2026-09-04T16:19:56+00:00,fr,4816,555398,76,3.0
2026-09-04T19:08:11+00:00,fr,6737,776695,98,8.6
2026-09-04T21:27:14+00:00,fr,7745,767471,90,5.1
2026-09-04T23:20:17+00:00,fr,4729,494511,65,4.4
2026-09-05T01:24:27+00:00,fr,2357,219130,47,3.6
2026-09-05T06:18:37+00:00,fr,968,94862,29,1.5
2026-09-05T10:55:31+00:00,fr,2765,581456,65,3.5
2026-09-05T13:51:18+00:00,fr,4974,641569,62,5.2
2026-09-05T16:49:27+00:00,fr,5093,795031,71,5.0
2026-09-05T19:01:26+00:00,fr,6198,718603,80,7.5
2026-09-05T21:13:11+00:00,fr,7636,830162,85,6.6
2026-09-05T23:18:34+00:00,fr,4803,620647,63,3.0
2026-09-06T01:20:05+00:00,fr,2657,244883,50,3.1
2026-09-06T06:30:05+00:00,fr,1027,78627,27,1.6
2026-09-06T11:20:57+00:00,fr,3218,602899,61,2.0
2026-09-06T14:23:56+00:00,fr,6097,697191,83,6.9
2026-09-06T17:20:46+00:00,fr,4946,970652,86,5.7
2026-09-06T19:30:43+00:00,fr,6885,1141710,96,7.6
2026-09-06T21:42:50+00:00,fr,5474,903147,72,6.5
2026-09-06T23:13:21+00:00,fr,3137,119343,59,2.0
2026-09-07T01:18:04+00:00,fr,1879,48739,40,2.8
2026-09-07T06:37:51+00:00,fr,881,21495,29,1.5
2026-09-07T13:01:13+00:00,fr,3457,81324,84,4.6
2026-09-07T18:14:53+00:00,fr,5712,204591,118,6.3
2026-09-07T21:46:08+00:00,fr,6805,217346,116,8.0
2026-09-08T00:24:02+00:00,fr,2659,87278,51,3.9
2026-09-08T05:14:22+00:00,fr,692,14511,22,1.7
2026-09-08T10:05:01+00:00,fr,2061,73301,62,3.0
2026-09-08T14:31:25+00:00,fr,4473,121213,73,5.2
2026-09-08T18:05:29+00:00,fr,5527,187231,119,3.5
2026-09-08T21:07:58+00:00,fr,7936,240486,131,6.8
2026-09-08T23:22:52+00:00,fr,3803,118334,66,2.5
2026-09-09T01:32:11+00:00,fr,1922,50497,44,3.3
2026-09-09T06:41:35+00:00,fr,959,23948,34,1.4
2026-09-09T11:54:02+00:00,fr,2962,89035,72,2.1
2026-09-09T16:36:50+00:00,fr,5403,150823,119,5.1
2026-09-09T19:29:22+00:00,fr,8815,266535,154,5.1
2026-09-09T21:57:05+00:00,fr,6372,225238,102,7.9
2026-09-10T00:13:20+00:00,fr,2874,101669,58,3.4
2026-09-10T05:17:20+00:00,fr,751,14274,23,0.7
2026-09-10T10:02:21+00:00,fr,2104,62161,70,1.4
2026-09-10T14:25:02+00:00,fr,4164,111254,96,4.8
2026-09-10T17:52:27+00:00,fr,5082,161649,119,6.9
2026-09-10T20:50:17+00:00,fr,8786,263578,138,10.5
2026-09-10T23:08:54+00:00,fr,4201,137015,70,3.4
2026-09-11T01:03:50+00:00,fr,2241,64023,47,3.4
2026-09-11T05:57:22+00:00,fr,792,18153,31,1.5
2026-09-11T11:17:46+00:00,fr,2498,78749,75,16.4
2026-09-11T15:12:24+00:00,fr,4731,140653,101,5.0
2026-09-11T18:35:50+00:00,fr,6364,197292,130,7.0
2026-09-11T21:18:24+00:00,fr,8815,239517,132,8.7
2026-09-11T23:31:32+00:00,fr,4677,121150,77,3.9
2026-09-12T01:33:24+00:00,fr,2321,59946,58,3.0
2026-09-12T06:30:37+00:00,fr,993,30689,32,0.8
2026-09-12T10:11:23+00:00,fr,2862,84625,75,3.8
2026-09-12T10:12:33+00:00,fr,2885,85607,77,3.9
2026-09-12T10:42:37+00:00,fr,2945,93800,78,4.2
2026-09-12T11:12:36+00:00,fr,3127,98128,80,3.2
2026-09-12T11:42:37+00:00,fr,3563,106918,82,2.4
2026-09-12T12:12:38+00:00,fr,4295,114242,92,5.2
2026-09-12T12:42:36+00:00,fr,4827,117436,96,5.0
2026-09-12T13:12:35+00:00,fr,5187,122031,101,6.6
2026-09-12T13:42:36+00:00,fr,5442,120568,99,6.0
2026-09-12T14:12:33+00:00,fr,5660,116185,107,6.9
2026-09-12T14:42:35+00:00,fr,5721,119552,108,7.7
2026-09-12T15:12:36+00:00,fr,5819,136521,110,4.5
2026-09-12T15:42:34+00:00,fr,5846,150212,104,6.8
2026-09-12T16:12:35+00:00,fr,5647,147549,102,3.6
2026-09-12T16:42:37+00:00,fr,5708,157371,110,5.4
2026-09-12T17:12:35+00:00,fr,5666,163787,108,7.4
2026-09-12T17:42:44+00:00,fr,5463,186817,104,6.6
2026-09-12T18:12:33+00:00,fr,5876,215592,105,6.8
2026-09-12T18:42:34+00:00,fr,6322,234429,108,6.7
2026-09-12T19:12:35+00:00,fr,7514,261609,120,9.2
2026-09-12T19:42:39+00:00,fr,8521,249932,123,8.7
2026-09-12T20:12:34+00:00,fr,8860,274335,132,8.7
2026-09-12T20:42:37+00:00,fr,8976,268871,124,7.3
2026-09-12T21:12:38+00:00,fr,8587,247616,121,3.8
2026-09-12T21:42:36+00:00,fr,7878,237811,113,8.9
2026-09-12T22:12:33+00:00,fr,7021,207033,96,8.9
2026-09-12T22:43:12+00:00,fr,6040,177935,89,7.3
2026-09-12T23:12:34+00:00,fr,5207,154138,79,6.2
2026-09-12T23:42:37+00:00,fr,4585,138566,75,5.0
2026-09-13T00:12:33+00:00,fr,3934,124506,68,5.2
2026-09-13T00:42:36+00:00,fr,3253,106838,62,3.4
2026-09-13T01:12:34+00:00,fr,2732,89665,52,3.8
2026-09-13T01:42:34+00:00,fr,2355,76147,48,3.9
2026-09-13T02:12:39+00:00,fr,1986,56663,40,2.7
2026-09-13T02:42:35+00:00,fr,1731,49226,37,2.1
2026-09-13T03:12:33+00:00,fr,1498,37028,37,1.9
2026-09-13T03:42:35+00:00,fr,1322,32365,33,2.3
2026-09-13T04:12:34+00:00,fr,1141,27758,29,1.2
2026-09-13T04:42:35+00:00,fr,998,25240,27,1.4
2026-09-13T05:12:36+00:00,fr,972,28111,29,1.9
2026-09-13T05:42:35+00:00,fr,957,29671,29,1.7
2026-09-13T06:12:34+00:00,fr,979,33771,33,1.0
2026-09-13T06:42:37+00:00,fr,1066,38814,34,0.9
2026-09-13T07:12:33+00:00,fr,1326,48997,43,1.8
2026-09-13T07:42:33+00:00,fr,1562,60358,49,2.1
2026-09-13T08:12:34+00:00,fr,2017,72188,57,3.0
2026-09-13T08:42:36+00:00,fr,2432,92465,62,3.7
2026-09-13T09:12:54+00:00,fr,2699,90093,75,2.6
2026-09-13T09:42:37+00:00,fr,2891,99950,75,3.1
2026-09-13T10:12:35+00:00,fr,2990,108939,81,3.1
2026-09-13T10:42:39+00:00,fr,3100,117833,83,1.9
2026-09-13T11:12:36+00:00,fr,3444,125725,90,2.3
2026-09-13T11:42:35+00:00,fr,3837,137615,90,4.7
2026-09-13T12:12:34+00:00,fr,4601,140723,98,5.2
2026-09-13T12:42:35+00:00,fr,5356,147642,100,3.3
2026-09-13T13:12:36+00:00,fr,6052,155632,107,7.3
2026-09-13T13:42:34+00:00,fr,6583,164691,110,8.4
2026-09-13T14:12:37+00:00,fr,6808,173285,111,4.0
2026-09-13T14:42:35+00:00,fr,6978,176443,124,7.1
2026-09-13T15:12:37+00:00,fr,6904,173592,123,7.5
2026-09-13T15:42:38+00:00,fr,6743,172281,120,3.6
2026-09-13T16:12:34+00:00,fr,6647,182877,126,8.1
2026-09-13T16:42:37+00:00,fr,6437,186327,121,6.5
2026-09-13T17:12:34+00:00,fr,6222,185022,115,3.4
2026-09-13T17:42:36+00:00,fr,5931,192962,114,7.9
2026-09-13T18:12:35+00:00,fr,6047,213717,112,7.7
2026-09-13T18:42:37+00:00,fr,6698,274838,125,7.9
2026-09-13T19:12:34+00:00,fr,7841,301448,129,9.3
2026-09-13T19:42:34+00:00,fr,8551,328438,146,11.1
2026-09-13T20:12:34+00:00,fr,8661,320531,146,10.6
2026-09-13T20:42:34+00:00,fr,8265,289775,129,8.9
2026-09-13T21:12:36+00:00,fr,7205,268854,119,7.6
2026-09-13T21:42:37+00:00,fr,6200,236372,110,6.1
2026-09-13T22:12:35+00:00,fr,5244,194266,92,3.2
2026-09-13T22:42:36+00:00,fr,4379,159453,76,4.7
2026-09-13T23:12:35+00:00,fr,3802,127606,70,3.9
2026-09-13T23:42:34+00:00,fr,3317,109317,62,3.9
2026-09-14T00:12:38+00:00,fr,2812,93115,47,1.9
2026-09-14T00:42:37+00:00,fr,2439,79768,48,2.5
2026-09-14T01:12:37+00:00,fr,2032,67128,47,2.0
2026-09-14T01:42:36+00:00,fr,1767,50580,47,2.3
2026-09-14T02:12:34+00:00,fr,1472,42115,43,1.7
2026-09-14T02:42:38+00:00,fr,1236,37160,40,1.9
2026-09-14T03:12:35+00:00,fr,1073,28484,39,0.9
2026-09-14T03:42:37+00:00,fr,953,23800,35,1.6
2026-09-14T04:12:34+00:00,fr,806,20364,32,1.3
2026-09-14T04:42:36+00:00,fr,746,18711,31,1.3
2026-09-14T05:12:35+00:00,fr,737,18382,31,0.9
2026-09-14T05:42:35+00:00,fr,727,18246,31,0.9
2026-09-14T06:12:35+00:00,fr,798,19687,33,1.3
2026-09-14T06:42:41+00:00,fr,951,24217,36,1.5
2026-09-14T07:12:34+00:00,fr,1156,30145,40,1.8
2026-09-14T07:42:35+00:00,fr,1482,38656,46,3.0
2026-09-14T08:12:37+00:00,fr,1725,47712,52,1.8
2026-09-14T08:42:39+00:00,fr,1925,55998,53,2.5
2026-09-14T09:12:38+00:00,fr,2000,61029,58,2.5
2026-09-14T09:42:34+00:00,fr,2033,63898,64,3.2
2026-09-14T10:12:37+00:00,fr,2016,66957,65,2.5
2026-09-14T10:42:36+00:00,fr,2015,68316,66,3.1
2026-09-14T11:12:34+00:00,fr,2167,69039,69,3.1
2026-09-14T11:42:40+00:00,fr,2466,68524,71,3.5
2026-09-14T12:12:35+00:00,fr,2914,83006,77,4.0
2026-09-14T12:42:35+00:00,fr,3302,88950,84,4.5
2026-09-14T13:12:36+00:00,fr,3693,97845,84,4.7
2026-09-14T13:42:49+00:00,fr,3858,106681,81,4.8
2026-09-14T14:12:39+00:00,fr,4154,110562,85,2.7
2026-09-14T14:42:41+00:00,fr,4080,112797,82,5.8
2026-09-14T15:12:44+00:00,fr,4380,120485,87,5.5
2026-09-14T15:42:37+00:00,fr,4544,126678,96,5.6
2026-09-14T16:12:38+00:00,fr,4827,135086,100,5.7
2026-09-14T16:42:44+00:00,fr,5096,146127,114,6.2
2026-09-14T17:12:38+00:00,fr,5325,159506,118,6.4
2026-09-14T17:42:35+00:00,fr,5264,178978,115,6.6
2026-09-14T18:12:34+00:00,fr,5784,212712,128,7.8
2026-09-14T18:42:37+00:00,fr,6756,252949,136,6.9
2026-09-14T19:12:33+00:00,fr,8238,279752,140,9.4
2026-09-14T19:42:36+00:00,fr,9389,303441,156,10.3
2026-09-14T20:12:35+00:00,fr,9354,302294,156,9.0
2026-09-14T20:42:40+00:00,fr,8977,283742,146,9.2
2026-09-14T21:12:36+00:00,fr,7862,263201,132,7.2
2026-09-14T21:42:34+00:00,fr,6671,238748,113,7.5
2026-09-14T22:12:34+00:00,fr,5539,199913,98,7.0
2026-09-14T22:42:38+00:00,fr,4579,163706,90,5.6
2026-09-14T23:12:35+00:00,fr,3844,124056,79,4.3
2026-09-14T23:42:34+00:00,fr,3314,104687,70,5.4
2026-09-15T00:12:34+00:00,fr,2863,85523,60,4.3
2026-09-15T00:42:36+00:00,fr,2486,69763,50,2.6
2026-09-15T01:12:34+00:00,fr,2073,59125,47,3.0
2026-09-15T01:42:35+00:00,fr,1803,47238,44,2.1
2026-09-15T02:12:37+00:00,fr,1505,37799,38,1.6
2026-09-15T02:42:36+00:00,fr,1254,28491,36,1.0
2026-09-15T03:12:36+00:00,fr,1070,24791,32,1.6
2026-09-15T03:42:37+00:00,fr,911,21231,31,1.7
2026-09-15T04:12:34+00:00,fr,795,14942,28,1.3
2026-09-15T04:42:37+00:00,fr,751,13433,25,0.9
2026-09-15T05:12:37+00:00,fr,763,14293,24,0.7
2026-09-15T05:42:34+00:00,fr,783,16108,27,1.4
2026-09-15T06:12:36+00:00,fr,866,18218,28,0.8
2026-09-15T06:42:34+00:00,fr,976,21609,33,1.5
2026-09-15T07:12:36+00:00,fr,1328,26911,37,1.9
2026-09-15T07:42:38+00:00,fr,1550,34852,41,2.1
2026-09-15T08:12:37+00:00,fr,1804,43469,48,2.2
2026-09-15T08:42:38+00:00,fr,2000,51446,57,1.4
2026-09-15T09:12:37+00:00,fr,2117,57530,60,2.0
2026-09-15T09:42:35+00:00,fr,2085,65881,66,3.2
2026-09-15T10:12:35+00:00,fr,2207,74885,68,1.5
2026-09-15T10:42:37+00:00,fr,2097,79712,65,1.4
2026-09-15T11:12:35+00:00,fr,2293,84805,69,2.9
2026-09-15T11:42:33+00:00,fr,2566,84078,77,3.7
2026-09-15T12:12:37+00:00,fr,3082,86502,85,3.3
2026-09-15T12:42:36+00:00,fr,3605,96974,92,2.5
2026-09-15T13:12:34+00:00,fr,3968,101888,96,5.5
2026-09-15T13:42:38+00:00,fr,4242,107198,96,5.1
2026-09-15T14:12:36+00:00,fr,4243,108973,96,5.2
2026-09-15T14:42:36+00:00,fr,4327,113794,103,5.9
2026-09-15T15:12:39+00:00,fr,4621,115499,96,20.0
2026-09-15T15:42:38+00:00,fr,4805,128666,104,3.9
2026-09-15T16:12:34+00:00,fr,5132,143506,109,6.9
2026-09-15T16:42:37+00:00,fr,5165,158213,110,5.5
2026-09-15T17:12:38+00:00,fr,5442,169248,115,4.8
2026-09-15T17:42:35+00:00,fr,5516,182021,116,6.8
2026-09-15T18:12:36+00:00,fr,5904,223092,121,8.3
2026-09-15T18:42:38+00:00,fr,6944,287088,128,7.6
2026-09-15T19:12:37+00:00,fr,8464,314106,141,31.5
2026-09-15T19:42:35+00:00,fr,9288,336215,152,11.2
2026-09-15T20:12:37+00:00,fr,9468,332527,145,8.0
2026-09-15T20:42:34+00:00,fr,8778,308560,137,11.3
2026-09-15T21:12:35+00:00,fr,7901,278717,125,10.2
2026-09-15T21:42:35+00:00,fr,6996,248512,111,8.0
2026-09-15T22:12:34+00:00,fr,5656,202206,90,3.5
2026-09-15T22:42:36+00:00,fr,4701,164779,80,5.5
2026-09-15T23:12:34+00:00,fr,3913,169052,73,5.4
2026-09-15T23:42:39+00:00,fr,3458,116797,64,4.6
2026-09-16T00:12:38+00:00,fr,2908,99467,58,3.8
2026-09-16T00:42:36+00:00,fr,2687,83255,56,1.7
2026-09-16T01:12:37+00:00,fr,2285,70289,49,2.1
2026-09-16T01:42:35+00:00,fr,1935,60530,47,3.0
2026-09-16T02:12:36+00:00,fr,1693,48788,41,2.3
2026-09-16T02:42:35+00:00,fr,1521,41033,37,1.9
2026-09-16T03:12:35+00:00,fr,1345,36299,33,1.7
2026-09-16T03:42:36+00:00,fr,1128,25771,30,2.1
2026-09-16T04:12:35+00:00,fr,1040,21040,30,1.4
2026-09-16T04:42:46+00:00,fr,978,19703,29,1.2
2026-09-16T05:12:38+00:00,fr,927,18802,27,0.8
2026-09-16T05:42:34+00:00,fr,946,21138,33,1.9
2026-09-16T06:12:34+00:00,fr,1038,22795,35,1.6
2026-09-16T06:42:39+00:00,fr,1175,28656,44,1.4
2026-09-16T07:12:44+00:00,fr,1337,34086,42,2.0
2026-09-16T07:42:34+00:00,fr,1618,42581,47,2.6
2026-09-16T08:12:37+00:00,fr,1875,50576,49,2.2
2026-09-16T08:42:34+00:00,fr,2251,59524,54,3.2
2026-09-16T09:12:36+00:00,fr,2373,63612,58,3.0
2026-09-16T09:42:46+00:00,fr,2411,68804,64,1.6
2026-09-16T10:12:39+00:00,fr,2389,74350,65,2.9
2026-09-16T10:42:48+00:00,fr,2512,82099,63,2.4
2026-09-16T11:12:34+00:00,fr,2777,86869,62,3.2
2026-09-16T11:42:35+00:00,fr,3162,94886,66,4.3
2026-09-16T12:12:34+00:00,fr,3878,102718,70,5.1
2026-09-16T12:42:38+00:00,fr,4477,108944,81,2.6
2026-09-16T13:12:37+00:00,fr,4961,123281,79,5.0
2026-09-16T13:42:36+00:00,fr,5193,134542,89,6.4
2026-09-16T14:12:37+00:00,fr,5613,138663,95,7.2
2026-09-16T14:42:36+00:00,fr,5619,147775,94,6.6
2026-09-16T15:12:35+00:00,fr,5569,150602,104,3.6
2026-09-16T15:42:37+00:00,fr,5753,163739,107,6.8
2026-09-16T16:12:37+00:00,fr,5832,181565,108,3.8
2026-09-16T16:42:37+00:00,fr,5839,203552,110,3.2
2026-09-16T17:12:34+00:00,fr,5737,209610,111,7.0
2026-09-16T17:42:37+00:00,fr,5490,215791,117,6.9
2026-09-16T18:12:36+00:00,fr,6207,253246,123,5.6
2026-09-16T18:42:36+00:00,fr,7078,308852,123,8.2
2026-09-16T19:12:39+00:00,fr,8857,325404,131,12.1
2026-09-16T19:42:39+00:00,fr,9784,318298,142,11.5
2026-09-16T20:12:36+00:00,fr,9685,322248,139,11.9
2026-09-16T20:42:37+00:00,fr,9250,310449,133,8.0
2026-09-16T21:12:37+00:00,fr,8322,284356,124,4.8
2026-09-16T21:42:35+00:00,fr,7081,248136,113,9.5
2026-09-16T22:12:36+00:00,fr,5813,206095,93,7.1
2026-09-16T22:42:34+00:00,fr,4956,181703,85,4.8
2026-09-16T23:12:36+00:00,fr,4126,154760,72,4.8
2026-09-16T23:42:36+00:00,fr,3595,134914,68,4.2
2026-09-17T00:12:35+00:00,fr,3095,114868,63,4.6
2026-09-17T00:42:36+00:00,fr,2622,98399,57,2.6
2026-09-17T01:12:34+00:00,fr,2178,68036,56,1.5
2026-09-17T01:42:37+00:00,fr,1878,60609,51,2.1
2026-09-17T02:12:36+00:00,fr,1586,49790,42,2.5
2026-09-17T02:42:38+00:00,fr,1381,38363,37,1.0
2026-09-17T03:12:38+00:00,fr,1139,29723,35,1.0
2026-09-17T03:42:47+00:00,fr,1008,26676,33,0.9
2026-09-17T04:12:35+00:00,fr,898,20934,32,1.4
2026-09-17T04:42:37+00:00,fr,820,19706,29,1.0
2026-09-17T05:12:34+00:00,fr,793,16964,31,1.0
2026-09-17T05:42:35+00:00,fr,781,17583,31,1.3
2026-09-17T06:12:35+00:00,fr,829,20381,32,1.3
2026-09-17T06:42:34+00:00,fr,1026,26764,38,1.5
2026-09-17T07:12:35+00:00,fr,1304,32954,46,2.0
2026-09-17T07:42:37+00:00,fr,1548,40647,43,1.2
2026-09-17T08:12:35+00:00,fr,1780,49175,51,2.3
2026-09-17T08:42:38+00:00,fr,2070,57085,58,1.4
2026-09-17T09:12:37+00:00,fr,2314,65481,61,2.9
2026-09-17T09:42:47+00:00,fr,2390,71502,66,3.0
2026-09-17T10:12:37+00:00,fr,2360,76661,65,3.0
2026-09-17T10:42:35+00:00,fr,2474,87259,67,2.3
2026-09-17T11:12:34+00:00,fr,2580,86859,74,3.6
2026-09-17T11:42:36+00:00,fr,3026,96218,76,2.1
2026-09-17T12:12:38+00:00,fr,3437,103405,82,4.4
2026-09-17T12:42:36+00:00,fr,3718,113631,91,4.3
2026-09-17T13:15:08+00:00,fr,4243,118383,90,3.8
2026-09-17T13:42:37+00:00,fr,4359,122359,90,5.7
2026-09-17T14:12:37+00:00,fr,4541,124206,91,5.6
2026-09-17T14:42:38+00:00,fr,4580,131525,99,3.0
2026-09-17T15:12:37+00:00,fr,4732,136919,97,6.3
2026-09-17T15:42:36+00:00,fr,4973,150177,92,5.5
2026-09-17T16:12:36+00:00,fr,5303,189178,97,6.8
2026-09-17T16:42:36+00:00,fr,5483,224836,100,6.9
2026-09-17T17:12:41+00:00,fr,5514,243150,101,6.6
2026-09-17T17:42:36+00:00,fr,5542,253868,103,5.8
2026-09-17T18:12:38+00:00,fr,6081,245467,110,7.3
2026-09-17T18:42:35+00:00,fr,6936,268342,115,8.9
2026-09-17T19:12:35+00:00,fr,8546,305020,138,9.9
2026-09-17T19:42:36+00:00,fr,9438,322735,139,10.8
2026-09-17T20:12:36+00:00,fr,9482,341531,133,11.4
2026-09-17T20:42:39+00:00,fr,9174,339557,130,9.7
2026-09-17T21:12:37+00:00,fr,8084,305489,120,4.7
2026-09-17T21:42:35+00:00,fr,6836,292991,112,7.0
2026-09-17T22:12:38+00:00,fr,6039,223757,102,7.4
2026-09-17T22:42:36+00:00,fr,5353,176374,80,6.3
2026-09-17T23:12:33+00:00,fr,4639,146935,76,6.1
2026-09-17T23:42:35+00:00,fr,4083,132553,69,4.4
2026-09-18T00:12:36+00:00,fr,3566,123851,59,3.9
2026-09-18T00:42:34+00:00,fr,2984,103017,51,4.3
2026-09-18T01:12:37+00:00,fr,2621,68308,43,4.5
2026-09-18T01:42:37+00:00,fr,2198,59186,38,3.0
2026-09-18T02:12:36+00:00,fr,1896,47867,41,2.7
2026-09-18T02:42:42+00:00,fr,1601,38788,41,1.5
2026-09-18T03:12:34+00:00,fr,1402,32812,36,1.6
2026-09-18T03:42:36+00:00,fr,1186,28813,37,1.5
2026-09-18T04:12:34+00:00,fr,1058,21742,33,1.1
2026-09-18T04:42:34+00:00,fr,994,20525,35,1.6
2026-09-18T05:12:33+00:00,fr,942,20316,34,1.5
2026-09-18T05:42:33+00:00,fr,922,21310,33,1.5
2026-09-18T06:12:34+00:00,fr,1025,24270,36,1.5
2026-09-18T06:42:36+00:00,fr,1198,30485,40,0.9
2026-09-18T07:12:37+00:00,fr,1491,40076,46,2.3
2026-09-18T07:42:49+00:00,fr,1742,50108,54,1.3
2026-09-18T08:12:37+00:00,fr,2198,57583,57,2.7
2026-09-18T08:42:37+00:00,fr,2320,68029,68,3.1
2026-09-18T09:12:37+00:00,fr,2496,74519,73,3.2
2026-09-18T09:42:37+00:00,fr,2480,82484,78,2.8
2026-09-18T10:12:34+00:00,fr,2439,87328,76,2.1
2026-09-18T10:42:35+00:00,fr,2536,96876,80,3.8
2026-09-18T11:12:41+00:00,fr,2737,99084,77,3.5
2026-09-18T11:42:37+00:00,fr,3097,107687,89,3.9
2026-09-18T12:12:34+00:00,fr,3681,114610,90,4.2
2026-09-18T12:42:38+00:00,fr,4109,113959,95,4.1
2026-09-18T13:12:38+00:00,fr,4550,120655,96,5.6
2026-09-18T13:42:36+00:00,fr,4833,127567,97,6.4
2026-09-18T14:12:39+00:00,fr,5070,131810,97,3.3
2026-09-18T14:42:35+00:00,fr,5215,144287,98,6.5
2026-09-18T15:12:36+00:00,fr,5604,166013,104,7.6
2026-09-18T15:42:35+00:00,fr,5614,181286,105,6.8
2026-09-18T16:12:36+00:00,fr,5830,192717,109,3.5
2026-09-18T16:42:40+00:00,fr,5752,207369,108,6.6
2026-09-18T17:12:38+00:00,fr,5717,220150,116,3.7
2026-09-18T17:42:38+00:00,fr,5790,251860,112,7.3
2026-09-18T18:12:37+00:00,fr,6365,267645,109,4.0
2026-09-18T18:42:40+00:00,fr,7232,259707,128,4.5
2026-09-18T19:12:37+00:00,fr,9145,271415,135,10.5
2026-09-18T19:42:36+00:00,fr,10351,285753,150,11.4
2026-09-18T20:12:34+00:00,fr,10791,300907,145,12.9
2026-09-18T20:42:39+00:00,fr,10483,296845,141,12.0
2026-09-18T21:12:38+00:00,fr,9525,298625,135,11.8
2026-09-18T21:42:39+00:00,fr,8743,276125,121,9.1
2026-09-18T22:12:34+00:00,fr,7322,255093,103,8.7
2026-09-18T22:42:36+00:00,fr,6361,239601,100,7.7
2026-09-18T23:12:37+00:00,fr,5260,166465,83,6.1
2026-09-18T23:42:37+00:00,fr,4497,138701,75,5.9
2026-09-19T00:12:34+00:00,fr,3740,118915,70,4.2
2026-09-19T00:42:36+00:00,fr,3228,101182,61,3.3
2026-09-19T01:12:35+00:00,fr,2732,84315,56,4.1
2026-09-19T01:42:36+00:00,fr,2275,72779,50,2.5
2026-09-19T02:12:39+00:00,fr,1953,53303,47,2.5
2026-09-19T02:42:45+00:00,fr,1718,44514,41,1.8
2026-09-19T03:12:34+00:00,fr,1523,33416,40,1.4
2026-09-19T03:42:37+00:00,fr,1297,27483,39,1.8
2026-09-19T04:12:34+00:00,fr,1156,24206,38,1.7
2026-09-19T04:42:38+00:00,fr,1020,21972,34,1.6
2026-09-19T05:13:43+00:00,fr,942,20211,36,1.5
2026-09-19T05:42:36+00:00,fr,986,20617,35,2.0
2026-09-19T06:12:36+00:00,fr,992,22234,34,1.5
2026-09-19T06:43:10+00:00,fr,1103,26710,39,1.6
2026-09-19T07:12:36+00:00,fr,1368,34372,47,2.6
2026-09-19T07:42:38+00:00,fr,1694,43761,50,1.2
2026-09-19T08:12:36+00:00,fr,2216,53489,58,2.9
2026-09-19T08:42:38+00:00,fr,2569,63835,59,3.1
2026-09-19T09:12:39+00:00,fr,2858,75960,70,3.5
2026-09-19T09:42:38+00:00,fr,3087,86048,75,3.7
2026-09-19T10:12:35+00:00,fr,3060,91359,71,2.8
2026-09-19T10:42:35+00:00,fr,3186,100240,75,4.0
2026-09-19T11:12:34+00:00,fr,3257,103694,79,3.8
2026-09-19T11:42:34+00:00,fr,3716,106673,84,5.3
2026-09-19T12:12:37+00:00,fr,4530,114248,83,3.6
2026-09-19T12:42:35+00:00,fr,5067,125409,94,6.3
2026-09-19T13:12:34+00:00,fr,5619,130419,97,6.8
2026-09-19T13:42:35+00:00,fr,5914,138641,100,3.6
2026-09-19T14:12:35+00:00,fr,5957,145483,101,7.5
2026-09-19T14:42:36+00:00,fr,6322,165677,113,6.6
2026-09-19T15:12:37+00:00,fr,6305,209101,105,7.2
2026-09-19T15:42:37+00:00,fr,6087,236288,103,5.6
2026-09-19T16:12:35+00:00,fr,6080,255344,106,3.0
2026-09-19T16:42:39+00:00,fr,5938,298010,103,3.5
2026-09-19T17:12:35+00:00,fr,5798,265755,100,6.8
2026-09-19T17:42:34+00:00,fr,5832,279006,99,3.0
2026-09-19T18:12:41+00:00,fr,6023,225587,101,7.4
2026-09-19T18:42:34+00:00,fr,6659,222668,109,6.5
2026-09-19T19:12:34+00:00,fr,7997,254042,121,7.9
2026-09-19T19:42:37+00:00,fr,8933,272477,132,8.1
2026-09-19T20:12:38+00:00,fr,9223,244131,133,10.1
2026-09-19T20:42:37+00:00,fr,9059,245080,136,9.5
2026-09-19T21:12:36+00:00,fr,8619,245694,122,10.3
2026-09-19T21:42:35+00:00,fr,8098,240909,119,9.7
2026-09-19T22:12:34+00:00,fr,7253,240658,112,8.3
2026-09-19T22:42:37+00:00,fr,6240,231856,100,3.5
2026-09-19T23:12:36+00:00,fr,5330,181245,87,6.9
2026-09-19T23:42:38+00:00,fr,4664,139040,77,4.6
2026-09-20T00:12:34+00:00,fr,3961,108667,66,4.9
2026-09-20T00:42:36+00:00,fr,3317,92427,58,3.8
2026-09-20T01:12:35+00:00,fr,2802,80379,56,3.0
2026-09-20T01:42:37+00:00,fr,2472,67511,50,2.2
2026-09-20T02:12:37+00:00,fr,2039,49946,47,1.4
2026-09-20T02:42:35+00:00,fr,1746,40594,44,2.5
2026-09-20T03:12:36+00:00,fr,1441,34138,38,2.6
2026-09-20T03:42:34+00:00,fr,1283,30006,33,2.2
2026-09-20T04:12:34+00:00,fr,1157,24804,31,1.6
2026-09-20T04:42:35+00:00,fr,1052,21769,30,1.6
2026-09-20T05:12:38+00:00,fr,980,20614,29,0.8
2026-09-20T05:42:33+00:00,fr,970,20748,32,2.1
2026-09-20T06:12:34+00:00,fr,986,22314,31,1.9
2026-09-20T06:42:34+00:00,fr,1126,27546,34,1.3
2026-09-20T07:12:36+00:00,fr,1389,37641,35,2.5
2026-09-20T07:42:39+00:00,fr,1646,47125,39,1.1
2026-09-20T08:12:36+00:00,fr,2013,58631,49,1.3
2026-09-20T08:42:38+00:00,fr,2533,71770,58,3.6
2026-09-20T09:12:35+00:00,fr,2932,80684,64,3.0
2026-09-20T09:42:36+00:00,fr,3101,89121,73,3.8
2026-09-20T10:12:35+00:00,fr,3374,98575,75,4.4
2026-09-20T10:42:36+00:00,fr,3315,120686,75,3.5
2026-09-20T11:12:35+00:00,fr,3619,136929,71,4.5
2026-09-20T11:42:42+00:00,fr,4130,155303,76,4.9
2026-09-20T12:12:37+00:00,fr,5031,168142,78,4.7
2026-09-20T12:42:34+00:00,fr,5723,172542,87,6.4
2026-09-20T13:12:34+00:00,fr,6473,179412,99,8.3
2026-09-20T13:42:35+00:00,fr,6977,181633,107,8.0
2026-09-20T14:12:34+00:00,fr,7054,187694,114,8.3
2026-09-20T14:42:36+00:00,fr,7052,192501,112,7.9
2026-09-20T15:12:37+00:00,fr,7006,228271,115,4.2
2026-09-20T15:42:35+00:00,fr,6979,247299,114,8.1
2026-09-20T16:12:34+00:00,fr,6801,271577,124,7.5
2026-09-20T16:42:34+00:00,fr,6506,304996,124,5.5
2026-09-20T17:12:35+00:00,fr,6166,300738,123,3.8
2026-09-20T17:42:36+00:00,fr,5836,328728,127,6.0
2026-09-20T18:12:35+00:00,fr,5870,331796,118,6.4
2026-09-20T18:42:39+00:00,fr,6343,375246,124,5.0
2026-09-20T19:12:34+00:00,fr,7833,408526,120,3.9
2026-09-20T19:42:35+00:00,fr,8483,327382,126,7.1
2026-09-20T20:12:38+00:00,fr,8705,334262,118,9.2
2026-09-20T20:42:36+00:00,fr,8226,328831,127,9.5
2026-09-20T21:12:36+00:00,fr,7228,315648,116,3.7
2026-09-20T21:42:35+00:00,fr,6423,297617,100,5.7
2026-09-20T22:12:34+00:00,fr,5390,241039,93,6.1
2026-09-20T22:42:36+00:00,fr,4480,188299,83,4.4
2026-09-20T23:13:11+00:00,fr,3768,160975,71,5.2
2026-09-20T23:42:36+00:00,fr,3226,137218,67,2.2
2026-09-21T00:12:34+00:00,fr,2821,113627,62,3.0
2026-09-21T00:42:37+00:00,fr,2515,94200,56,3.4
2026-09-21T01:12:34+00:00,fr,2098,76238,51,2.9
2026-09-21T01:43:13+00:00,fr,1869,58095,50,2.5
2026-09-21T02:12:35+00:00,fr,1564,48195,43,1.6
2026-09-21T02:42:35+00:00,fr,1333,41262,39,2.0
2026-09-21T03:12:35+00:00,fr,1172,32122,38,1.7
2026-09-21T03:42:37+00:00,fr,1025,29867,34,1.5
2026-09-21T04:12:35+00:00,fr,881,20153,29,0.8
2026-09-21T04:42:36+00:00,fr,801,19379,28,1.3
2026-09-21T05:12:35+00:00,fr,767,19825,32,1.4
2026-09-21T05:42:34+00:00,fr,729,19924,33,1.4
2026-09-21T06:12:38+00:00,fr,809,23250,35,1.2
2026-09-21T06:42:37+00:00,fr,929,29391,37,1.4
2026-09-21T07:12:34+00:00,fr,1189,37352,45,1.9
2026-09-21T07:42:37+00:00,fr,1508,46610,50,1.7
2026-09-21T08:12:36+00:00,fr,1758,56566,57,2.8
2026-09-21T08:42:36+00:00,fr,2050,64771,61,2.8
2026-09-21T09:12:37+00:00,fr,2126,74807,60,2.2
2026-09-21T09:42:39+00:00,fr,2155,80680,64,2.7
2026-09-21T10:12:41+00:00,fr,2075,81999,64,2.1
2026-09-21T10:42:35+00:00,fr,2189,90239,68,1.5
2026-09-21T11:12:35+00:00,fr,2409,95199,73,2.6
2026-09-21T11:42:36+00:00,fr,2709,94531,76,2.7
2026-09-21T12:12:35+00:00,fr,3146,103460,78,3.9
2026-09-21T12:42:35+00:00,fr,3549,111154,77,4.4
2026-09-21T13:12:36+00:00,fr,3779,120639,82,4.5
2026-09-21T13:42:37+00:00,fr,4099,126217,87,6.1
2026-09-21T14:12:36+00:00,fr,4256,126052,90,2.7
2026-09-21T14:42:41+00:00,fr,4203,128409,91,4.6
2026-09-21T15:12:35+00:00,fr,4522,133356,97,6.3
2026-09-21T15:42:38+00:00,fr,4855,147805,95,3.1
2026-09-21T16:12:36+00:00,fr,5038,158588,103,3.2
2026-09-21T16:42:37+00:00,fr,5235,177791,114,5.1
2026-09-21T17:12:34+00:00,fr,5440,201626,118,7.1
2026-09-21T17:42:35+00:00,fr,5297,213761,116,5.7
2026-09-21T18:12:39+00:00,fr,5886,256421,123,5.6
2026-09-21T18:42:37+00:00,fr,6868,303999,133,8.1
2026-09-21T19:12:37+00:00,fr,8750,337923,130,9.9
2026-09-21T19:42:35+00:00,fr,9558,372128,144,11.9
2026-09-21T20:12:35+00:00,fr,9640,361349,143,11.0
2026-09-21T20:42:37+00:00,fr,9090,345842,137,7.8
2026-09-21T21:12:36+00:00,fr,8049,318768,128,9.4
2026-09-21T21:42:36+00:00,fr,6949,279653,106,3.7
2026-09-21T22:12:35+00:00,fr,5685,234667,98,7.3
2026-09-21T22:42:41+00:00,fr,4748,178709,79,6.1
2026-09-21T23:12:35+00:00,fr,4052,149387,70,3.3
2026-09-21T23:42:37+00:00,fr,3393,122648,60,2.9
2026-09-22T00:12:38+00:00,fr,2887,103833,53,3.6
2026-09-22T00:42:36+00:00,fr,2496,81500,50,3.4
2026-09-22T01:12:35+00:00,fr,2103,67189,44,3.6
2026-09-22T01:42:36+00:00,fr,1809,54987,47,2.6
2026-09-22T02:12:36+00:00,fr,1509,43842,42,2.4
2026-09-22T02:42:34+00:00,fr,1285,33923,35,1.8
2026-09-22T03:12:39+00:00,fr,1121,27742,31,1.9
2026-09-22T03:42:36+00:00,fr,964,25198,28,0.9
2026-09-22T04:12:36+00:00,fr,866,22585,26,1.3
2026-09-22T04:42:36+00:00,fr,837,22037,25,1.4
2026-09-22T05:12:38+00:00,fr,776,22794,29,1.2
2026-09-22T05:42:34+00:00,fr,780,23352,30,1.3
2026-09-22T06:12:40+00:00,fr,896,26482,29,1.0
2026-09-22T06:42:37+00:00,fr,1036,32159,38,1.6
2026-09-22T07:12:36+00:00,fr,1291,40044,39,1.0
2026-09-22T07:42:37+00:00,fr,1596,51251,39,1.6
2026-09-22T08:12:44+00:00,fr,1878,62149,44,1.2
2026-09-22T08:42:43+00:00,fr,2170,69482,51,2.5
2026-09-22T09:12:47+00:00,fr,2193,76415,56,2.7
2026-09-22T09:42:37+00:00,fr,2255,82980,63,2.7
2026-09-22T10:12:44+00:00,fr,2145,90655,66,2.3
2026-09-22T10:42:43+00:00,fr,2118,91299,74,2.6
2026-09-22T11:12:37+00:00,fr,2338,94094,70,3.9
2026-09-22T11:42:40+00:00,fr,2709,96512,69,3.4
2026-09-22T12:12:39+00:00,fr,3234,101894,69,3.4
2026-09-22T12:42:38+00:00,fr,3748,112859,82,4.2
2026-09-22T13:12:39+00:00,fr,4137,116442,82,4.4
2026-09-22T13:42:38+00:00,fr,4251,121727,89,5.4
2026-09-22T14:12:39+00:00,fr,4437,123851,94,4.4
2026-09-22T14:42:40+00:00,fr,4478,126988,96,2.5
2026-09-22T15:12:37+00:00,fr,4739,139499,97,5.2
2026-09-22T15:42:38+00:00,fr,4933,151044,112,6.1
2026-09-22T16:12:38+00:00,fr,5208,165536,119,6.6
2026-09-22T16:42:41+00:00,fr,5353,182341,120,5.1
2026-09-22T17:12:35+00:00,fr,5306,196005,122,6.7
2026-09-22T17:42:37+00:00,fr,5357,204834,112,6.2
2026-09-22T18:12:40+00:00,fr,6006,244511,130,6.5
2026-09-22T18:42:42+00:00,fr,6887,288735,136,7.9
2026-09-22T19:12:36+00:00,fr,8492,314729,137,9.3
2026-09-22T19:42:37+00:00,fr,9552,341901,145,9.7
2026-09-22T20:12:40+00:00,fr,9582,341792,137,5.6
2026-09-22T20:42:40+00:00,fr,9085,325410,137,5.2
2026-09-22T21:12:37+00:00,fr,8199,296342,133,7.1
2026-09-22T21:42:36+00:00,fr,6964,260488,122,5.9
2026-09-22T22:12:39+00:00,fr,5686,228165,104,6.7
2026-09-22T22:42:35+00:00,fr,4617,193238,88,4.7
2026-09-22T23:12:36+00:00,fr,3957,131138,78,5.0
2026-09-22T23:42:34+00:00,fr,3487,115295,71,4.9
2026-09-23T00:12:35+00:00,fr,2995,93108,59,4.2
2026-09-23T00:42:36+00:00,fr,2552,77730,54,1.6
2026-09-23T01:12:35+00:00,fr,2192,66899,50,3.4
2026-09-23T01:42:39+00:00,fr,1830,54609,48,3.4
2026-09-23T02:12:36+00:00,fr,1499,46662,43,2.2
2026-09-23T02:42:33+00:00,fr,1335,38380,38,2.3
2026-09-23T03:13:13+00:00,fr,1143,30103,36,1.7
2026-09-23T03:42:36+00:00,fr,990,26374,34,0.9
2026-09-23T04:12:34+00:00,fr,871,25014,34,1.6
2026-09-23T04:42:35+00:00,fr,855,23026,32,1.9
2026-09-23T05:12:35+00:00,fr,857,23173,31,1.2
2026-09-23T05:42:36+00:00,fr,852,24484,31,0.9
2026-09-23T06:12:38+00:00,fr,870,29719,32,1.6
2026-09-23T06:42:38+00:00,fr,1006,34708,39,1.6
2026-09-23T07:12:40+00:00,fr,1282,42739,45,1.7
2026-09-23T07:43:11+00:00,fr,1487,49823,44,2.7
2026-09-23T08:12:39+00:00,fr,1686,57701,42,1.2
2026-09-23T08:42:37+00:00,fr,1968,69006,52,2.0
2026-09-23T09:12:37+00:00,fr,2149,77381,56,2.7
2026-09-23T09:42:36+00:00,fr,2275,81461,63,2.8
2026-09-23T10:12:36+00:00,fr,2303,88826,64,3.4
2026-09-23T10:42:36+00:00,fr,2305,93129,63,2.7
2026-09-23T11:12:36+00:00,fr,2502,101630,65,3.5
2026-09-23T11:42:36+00:00,fr,2847,106073,73,4.0
2026-09-23T12:12:37+00:00,fr,3620,113065,81,4.6
2026-09-23T12:42:40+00:00,fr,4094,125625,86,2.3
2026-09-23T13:12:38+00:00,fr,4606,135408,96,5.2
2026-09-23T13:42:38+00:00,fr,4817,138534,94,6.1
2026-09-23T14:12:35+00:00,fr,5167,145529,99,5.5
2026-09-23T14:42:37+00:00,fr,5337,152890,98,6.0
2026-09-23T15:12:36+00:00,fr,5420,162051,98,5.2
2026-09-23T15:42:36+00:00,fr,5459,165532,102,6.6
2026-09-23T16:12:37+00:00,fr,5690,182229,102,7.2
2026-09-23T16:42:36+00:00,fr,5833,193809,105,7.1
2026-09-23T17:12:37+00:00,fr,5503,195268,108,3.0
2026-09-23T17:42:38+00:00,fr,5274,197204,104,3.0
2026-09-23T18:12:38+00:00,fr,5825,224061,113,6.7
2026-09-23T18:42:38+00:00,fr,6951,249513,132,8.3
2026-09-23T19:12:37+00:00,fr,8613,285700,139,8.8
2026-09-23T19:42:36+00:00,fr,9836,318945,149,9.6
2026-09-23T20:12:35+00:00,fr,10085,320149,142,11.3
2026-09-23T20:42:37+00:00,fr,9395,310252,142,10.3
2026-09-23T21:12:37+00:00,fr,8258,277363,125,10.1
2026-09-23T21:42:41+00:00,fr,6974,251026,109,6.7
2026-09-23T22:12:36+00:00,fr,5617,208569,97,5.9
2026-09-23T22:42:36+00:00,fr,4649,175750,77,6.3
2026-09-23T23:12:34+00:00,fr,3986,156284,69,4.9
2026-09-23T23:42:37+00:00,fr,3334,121104,63,4.8
2026-09-24T00:12:34+00:00,fr,2887,102649,59,3.8
2026-09-24T00:42:38+00:00,fr,2541,88865,51,2.9
2026-09-24T01:12:36+00:00,fr,2215,74359,47,2.9
2026-09-24T01:42:35+00:00,fr,1837,64923,42,2.6
2026-09-24T02:12:39+00:00,fr,1568,58415,42,2.0
2026-09-24T02:42:37+00:00,fr,1356,46588,36,1.0
2026-09-24T03:12:39+00:00,fr,1124,31300,32,1.6
2026-09-24T03:42:38+00:00,fr,985,25194,31,1.4
2026-09-24T04:12:36+00:00,fr,886,22151,31,0.8
2026-09-24T04:42:40+00:00,fr,823,20884,29,1.3
2026-09-24T05:13:11+00:00,fr,755,19721,30,1.5
2026-09-24T05:43:12+00:00,fr,763,20031,25,1.4
2026-09-24T06:12:37+00:00,fr,842,24246,33,1.0
2026-09-24T06:42:36+00:00,fr,1029,29282,34,1.4
2026-09-24T07:12:35+00:00,fr,1446,38120,41,1.8
2026-09-24T07:42:35+00:00,fr,1639,47489,43,1.2
2026-09-24T08:12:39+00:00,fr,1917,59241,50,3.2
2026-09-24T08:42:38+00:00,fr,2183,71340,60,2.2
2026-09-24T09:12:38+00:00,fr,2215,83961,58,2.6
2026-09-24T09:42:41+00:00,fr,2235,90855,66,1.5
2026-09-24T10:12:37+00:00,fr,2301,96496,72,1.4
2026-09-24T10:42:39+00:00,fr,2173,103119,71,2.1
2026-09-24T11:12:37+00:00,fr,2373,109426,72,2.4
2026-09-24T11:42:42+00:00,fr,2621,116473,76,3.3
2026-09-24T12:12:37+00:00,fr,3207,118826,75,2.5
2026-09-24T12:42:38+00:00,fr,3550,121131,84,4.8
2026-09-24T13:12:37+00:00,fr,3954,127277,92,4.6
2026-09-24T13:42:43+00:00,fr,4119,135943,99,5.5
2026-09-24T14:12:40+00:00,fr,4253,140147,93,5.2
2026-09-24T14:42:35+00:00,fr,4414,141369,89,5.4
2026-09-24T15:12:38+00:00,fr,4794,147167,93,3.2
2026-09-24T15:42:39+00:00,fr,4847,150882,92,3.2
2026-09-24T16:12:36+00:00,fr,5233,159566,96,6.7
2026-09-24T16:42:41+00:00,fr,5423,169488,106,7.1
2026-09-24T17:12:37+00:00,fr,5438,175145,109,3.4
2026-09-24T17:42:38+00:00,fr,5289,183181,110,5.9
2026-09-24T18:12:39+00:00,fr,6008,199334,112,3.3
2026-09-24T18:42:38+00:00,fr,6862,219045,120,4.2
2026-09-24T19:12:37+00:00,fr,8634,260375,130,8.8
2026-09-24T19:42:37+00:00,fr,9274,305971,136,5.5
2026-09-24T20:12:38+00:00,fr,9388,300750,133,5.5
2026-09-24T20:42:35+00:00,fr,8945,284642,125,10.6
2026-09-24T21:12:39+00:00,fr,7910,263510,117,9.3
2026-09-24T21:42:38+00:00,fr,6810,230150,110,3.4
2026-09-24T22:12:39+00:00,fr,5555,198762,94,5.3
2026-09-24T22:42:36+00:00,fr,4683,170076,74,6.2
2026-09-24T23:12:35+00:00,fr,4010,149710,74,2.3
2026-09-24T23:42:36+00:00,fr,3380,127507,60,3.9
2026-09-25T00:12:34+00:00,fr,2932,108057,55,3.9
2026-09-25T00:42:39+00:00,fr,2533,91078,52,1.8
2026-09-25T01:12:38+00:00,fr,2209,77204,48,1.6
2026-09-25T01:42:36+00:00,fr,1833,65849,40,2.7
2026-09-25T02:12:41+00:00,fr,1549,52099,37,1.5
2026-09-25T02:42:36+00:00,fr,1391,45479,36,1.2
2026-09-25T03:12:38+00:00,fr,1181,36613,36,0.9
2026-09-25T03:42:36+00:00,fr,1020,28474,33,0.8
2026-09-25T04:12:35+00:00,fr,941,24216,31,0.9
2026-09-25T04:42:35+00:00,fr,829,22894,27,1.1
2026-09-25T05:12:40+00:00,fr,803,21763,26,0.7
2026-09-25T05:42:36+00:00,fr,769,22484,31,1.1
2026-09-25T06:12:39+00:00,fr,839,24792,29,1.4
2026-09-25T06:42:37+00:00,fr,977,29826,31,1.7
2026-09-25T07:12:36+00:00,fr,1268,39435,38,1.7
2026-09-25T07:42:42+00:00,fr,1576,50791,41,2.0
2026-09-25T08:12:35+00:00,fr,1871,63040,47,2.0
2026-09-25T08:42:36+00:00,fr,2127,75810,58,2.4
2026-09-25T09:12:36+00:00,fr,2172,88282,60,3.0
2026-09-25T09:42:36+00:00,fr,2248,98492,65,2.4
2026-09-25T10:12:37+00:00,fr,2242,104643,67,3.4
2026-09-25T10:42:39+00:00,fr,2294,115642,66,1.4
2026-09-25T11:12:35+00:00,fr,2421,120139,70,3.2
2026-09-25T11:42:36+00:00,fr,2675,138715,78,2.3
2026-09-25T12:13:12+00:00,fr,3165,146603,86,3.7
2026-09-25T12:42:37+00:00,fr,3551,156290,85,4.9
2026-09-25T13:12:37+00:00,fr,3879,145361,86,4.0
2026-09-25T13:42:37+00:00,fr,4257,126582,90,5.7
2026-09-25T14:12:38+00:00,fr,4482,124740,92,5.2
2026-09-25T14:42:37+00:00,fr,4610,134548,91,5.6
2026-09-25T15:12:39+00:00,fr,4881,140300,92,5.9
2026-09-25T15:42:36+00:00,fr,5208,149197,97,5.9
2026-09-25T16:12:37+00:00,fr,5377,161218,96,5.8
2026-09-25T16:42:39+00:00,fr,5338,165077,100,6.1
2026-09-25T17:12:34+00:00,fr,5495,160435,112,6.4
2026-09-25T17:42:36+00:00,fr,5376,176552,111,6.2
2026-09-25T18:12:36+00:00,fr,5988,197186,110,7.2
2026-09-25T18:42:37+00:00,fr,6861,213466,125,6.8
2026-09-25T19:12:36+00:00,fr,8126,214011,129,9.6
2026-09-25T19:42:40+00:00,fr,9031,232681,128,10.4
2026-09-25T20:12:39+00:00,fr,9509,244466,135,9.4
2026-09-25T20:42:40+00:00,fr,9153,243377,129,9.5
2026-09-25T21:12:37+00:00,fr,8710,250931,126,9.4
2026-09-25T21:42:36+00:00,fr,7940,231179,112,9.3
2026-09-25T22:12:38+00:00,fr,7205,211659,101,7.9
2026-09-25T22:42:42+00:00,fr,6172,179624,88,6.6
2026-09-25T23:12:39+00:00,fr,5382,150325,79,5.8
2026-09-25T23:42:36+00:00,fr,4423,122178,74,4.9
2026-09-26T00:12:37+00:00,fr,3812,101358,64,4.2
2026-09-26T00:42:35+00:00,fr,3343,85395,58,4.0
2026-09-26T01:12:35+00:00,fr,2608,70169,55,3.8
2026-09-26T01:42:36+00:00,fr,2243,59536,45,2.8
2026-09-26T02:12:38+00:00,fr,1833,49075,43,1.8
2026-09-26T02:42:38+00:00,fr,1598,43447,40,1.3
2026-09-26T03:12:37+00:00,fr,1353,35520,38,1.5
2026-09-26T03:42:39+00:00,fr,1211,29257,37,1.3
2026-09-26T04:12:36+00:00,fr,1091,24739,33,1.5
2026-09-26T04:42:36+00:00,fr,935,22270,28,1.0
2026-09-26T05:12:36+00:00,fr,920,20778,28,1.1
2026-09-26T05:42:37+00:00,fr,897,21600,33,1.0
2026-09-26T06:12:36+00:00,fr,976,24364,33,1.3
2026-09-26T06:42:38+00:00,fr,1094,28765,37,1.6
2026-09-26T07:12:36+00:00,fr,1250,35594,42,1.0
2026-09-26T07:42:37+00:00,fr,1608,44779,51,2.1
2026-09-26T08:12:36+00:00,fr,2035,55162,63,3.2
2026-09-26T08:42:37+00:00,fr,2428,67671,68,3.1
2026-09-26T09:12:36+00:00,fr,2667,83985,76,3.7
2026-09-26T09:42:37+00:00,fr,2890,96245,81,3.4
2026-09-26T10:12:35+00:00,fr,2878,101598,83,3.9
2026-09-26T10:42:35+00:00,fr,2881,111738,93,3.7
2026-09-26T11:12:36+00:00,fr,3129,113936,94,4.5
2026-09-26T11:42:35+00:00,fr,3584,125303,96,5.1
2026-09-26T12:12:35+00:00,fr,4347,129633,102,4.4
2026-09-26T12:42:35+00:00,fr,4828,136604,101,6.3
2026-09-26T13:12:35+00:00,fr,5368,148311,103,5.9
2026-09-26T13:42:38+00:00,fr,5764,161628,108,7.1
2026-09-26T14:12:37+00:00,fr,6163,167455,118,7.2
2026-09-26T14:42:39+00:00,fr,6113,177767,118,6.6
2026-09-26T15:12:35+00:00,fr,6163,194311,117,5.4
2026-09-26T15:42:38+00:00,fr,6203,206003,122,7.6
2026-09-26T16:12:36+00:00,fr,6070,207848,118,5.8
2026-09-26T16:42:38+00:00,fr,5927,211316,112,3.6
2026-09-26T17:12:34+00:00,fr,5651,211225,111,7.2
2026-09-26T17:42:35+00:00,fr,5451,218940,106,5.6
2026-09-26T18:12:36+00:00,fr,5857,229871,115,6.9
2026-09-26T18:42:35+00:00,fr,6670,238136,121,7.3
2026-09-26T19:12:36+00:00,fr,7924,226069,126,9.4
2026-09-26T19:42:39+00:00,fr,8932,230718,134,9.9
2026-09-26T20:12:37+00:00,fr,9377,240373,138,5.3
2026-09-26T20:42:37+00:00,fr,9122,240726,134,10.7
2026-09-26T21:12:37+00:00,fr,8676,237485,126,8.8
2026-09-26T21:42:36+00:00,fr,7994,233339,121,7.1
2026-09-26T22:12:36+00:00,fr,7052,215475,102,4.2
2026-09-26T22:42:36+00:00,fr,5979,189842,91,6.7
2026-09-26T23:12:34+00:00,fr,5263,170761,90,6.4
2026-09-26T23:42:36+00:00,fr,4739,154356,82,2.9
2026-09-27T00:12:48+00:00,fr,3796,123178,72,4.5
2026-09-27T00:42:35+00:00,fr,3193,106105,63,4.6
2026-09-27T01:13:10+00:00,fr,2656,83543,59,3.3
2026-09-27T01:42:38+00:00,fr,2261,68692,56,2.3
2026-09-27T02:12:38+00:00,fr,1966,60016,55,2.0
2026-09-27T02:42:35+00:00,fr,1678,52300,48,2.7
2026-09-27T03:12:35+00:00,fr,1423,43108,44,2.4
2026-09-27T03:42:38+00:00,fr,1271,38429,39,2.0
2026-09-27T04:12:37+00:00,fr,1094,33181,37,1.7
2026-09-27T04:42:38+00:00,fr,1035,30985,38,1.3
2026-09-27T05:12:35+00:00,fr,924,29435,36,1.1
2026-09-27T05:42:34+00:00,fr,943,28947,38,1.6
2026-09-27T06:12:38+00:00,fr,945,31739,40,1.3
2026-09-27T06:42:35+00:00,fr,1076,41572,44,2.0
2026-09-27T07:12:36+00:00,fr,1329,53406,50,1.1
2026-09-27T07:42:38+00:00,fr,1609,64365,53,2.9
2026-09-27T08:12:34+00:00,fr,2163,77629,65,2.9
2026-09-27T08:42:35+00:00,fr,2573,96444,69,2.8
2026-09-27T09:12:36+00:00,fr,2943,103148,78,3.5
2026-09-27T09:42:37+00:00,fr,3151,115711,82,3.8
2026-09-27T10:12:38+00:00,fr,3124,123834,87,4.5
2026-09-27T10:42:36+00:00,fr,3247,128232,87,4.1
2026-09-27T11:12:35+00:00,fr,3502,137706,91,3.4
2026-09-27T11:42:38+00:00,fr,3926,148249,100,2.9
2026-09-27T12:12:35+00:00,fr,4969,157911,103,6.5
2026-09-27T12:42:40+00:00,fr,5621,163707,113,3.4
2026-09-27T13:12:34+00:00,fr,6157,171850,106,7.2
2026-09-27T13:42:39+00:00,fr,6666,171027,113,8.4
2026-09-27T14:12:35+00:00,fr,7100,188247,127,7.1
2026-09-27T14:42:37+00:00,fr,7022,199976,134,7.1
2026-09-27T15:12:35+00:00,fr,7310,226891,133,9.8
2026-09-27T15:42:35+00:00,fr,7081,218666,131,7.2
2026-09-27T16:12:35+00:00,fr,6885,227555,130,8.3
2026-09-27T16:42:36+00:00,fr,6675,243024,128,9.2
2026-09-27T17:12:36+00:00,fr,6137,251564,129,5.3
2026-09-27T17:42:36+00:00,fr,5895,267001,126,3.6
2026-09-27T18:12:37+00:00,fr,6025,277775,132,8.7
2026-09-27T18:42:45+00:00,fr,6676,312647,116,6.1
2026-09-27T19:13:11+00:00,fr,7862,331933,119,9.3
2026-09-27T19:42:38+00:00,fr,8582,322538,130,5.0
2026-09-27T20:12:34+00:00,fr,8602,334911,131,9.8
2026-09-27T20:42:36+00:00,fr,8434,337329,127,7.7
2026-09-27T21:12:36+00:00,fr,7407,307245,116,8.5
2026-09-27T21:42:40+00:00,fr,6321,267329,99,3.3
2026-09-27T22:12:38+00:00,fr,5314,225388,95,4.2
2026-09-27T22:42:36+00:00,fr,4460,194214,78,5.1
2026-09-27T23:12:36+00:00,fr,3796,159030,65,4.2
2026-09-27T23:42:38+00:00,fr,3235,131434,57,1.9
2026-09-28T00:12:35+00:00,fr,2722,110172,48,3.2
2026-09-28T00:43:12+00:00,fr,2425,92441,46,2.1
2026-09-28T01:12:39+00:00,fr,2072,75006,44,1.6
2026-09-28T01:42:46+00:00,fr,1730,64098,41,2.2
2026-09-28T02:12:48+00:00,fr,1495,49660,36,1.4
2026-09-28T02:42:38+00:00,fr,1260,43869,31,2.3
2026-09-28T03:12:35+00:00,fr,1104,33934,32,1.8
2026-09-28T03:42:35+00:00,fr,947,30272,31,1.5
2026-09-28T04:12:35+00:00,fr,847,22433,27,1.2
2026-09-28T04:42:35+00:00,fr,800,20458,29,1.4
2026-09-28T05:12:38+00:00,fr,725,19806,29,0.7
2026-09-28T05:42:35+00:00,fr,729,21618,31,1.0
2026-09-28T06:12:35+00:00,fr,832,24115,35,1.2
2026-09-28T06:42:35+00:00,fr,948,29248,40,0.9
2026-09-28T07:12:37+00:00,fr,1204,38037,42,1.6
2026-09-28T07:42:35+00:00,fr,1513,48138,46,2.0
2026-09-28T08:12:39+00:00,fr,1847,59255,48,2.6
2026-09-28T08:42:37+00:00,fr,1994,69946,58,1.8
2026-09-28T09:12:38+00:00,fr,2151,79169,59,1.5
2026-09-28T09:42:41+00:00,fr,2157,86590,64,2.8
2026-09-28T10:12:39+00:00,fr,2117,87721,65,3.9
2026-09-28T10:42:37+00:00,fr,2085,92225,62,3.2
2026-09-28T11:12:37+00:00,fr,2276,96105,68,3.2
2026-09-28T11:42:37+00:00,fr,2622,99993,79,3.7
2026-09-28T12:12:38+00:00,fr,3063,98236,82,3.7
2026-09-28T12:42:39+00:00,fr,3533,104960,84,2.6
2026-09-28T13:12:35+00:00,fr,3872,110119,87,5.2
2026-09-28T13:42:41+00:00,fr,4089,116761,91,4.1
2026-09-28T14:12:41+00:00,fr,4262,120253,96,4.6
2026-09-28T14:42:37+00:00,fr,4465,128424,97,5.6
2026-09-28T15:12:41+00:00,fr,4718,139747,102,3.1
2026-09-28T15:42:37+00:00,fr,4851,148617,101,5.6
2026-09-28T16:12:38+00:00,fr,5105,160283,116,6.5
2026-09-28T16:42:37+00:00,fr,5471,180552,127,6.1
2026-09-28T17:12:35+00:00,fr,5707,194991,128,5.8
2026-09-28T17:42:40+00:00,fr,5682,213931,123,7.0
2026-09-28T18:12:38+00:00,fr,6041,259392,124,6.7
2026-09-28T18:42:37+00:00,fr,6889,308298,131,7.8
2026-09-28T19:12:37+00:00,fr,8378,303267,143,9.0
2026-09-28T19:42:39+00:00,fr,8963,331393,145,5.2
2026-09-28T20:12:37+00:00,fr,9168,316190,136,10.8
2026-09-28T20:42:41+00:00,fr,8582,295834,140,9.8
2026-09-28T21:12:35+00:00,fr,7707,294298,128,9.4
2026-09-28T21:42:40+00:00,fr,6585,239117,119,9.1
2026-09-28T22:12:37+00:00,fr,5492,197153,101,3.5
2026-09-28T22:42:36+00:00,fr,4623,167772,90,5.9
2026-09-28T23:12:37+00:00,fr,3948,139535,75,6.0
2026-09-28T23:42:36+00:00,fr,3323,120586,68,5.4
2026-09-29T00:12:40+00:00,fr,2825,101006,59,2.0
2026-09-29T00:42:38+00:00,fr,2464,85112,52,1.7
2026-09-29T01:12:39+00:00,fr,2099,71348,47,2.5
2026-09-29T01:42:38+00:00,fr,1765,58053,44,2.0
2026-09-29T02:12:34+00:00,fr,1506,45206,35,2.0
2026-09-29T02:42:36+00:00,fr,1258,37141,31,1.0
2026-09-29T03:12:38+00:00,fr,1106,31240,30,1.1
2026-09-29T03:42:37+00:00,fr,915,25147,26,1.1
2026-09-29T04:12:37+00:00,fr,790,20756,24,1.3
2026-09-29T04:42:38+00:00,fr,763,20110,26,1.2
2026-09-29T05:12:35+00:00,fr,709,19184,25,1.4
2026-09-29T05:42:37+00:00,fr,693,20121,27,1.0
2026-09-29T06:12:38+00:00,fr,785,22541,27,0.9
2026-09-29T06:42:37+00:00,fr,933,27694,36,1.1
2026-09-29T07:12:35+00:00,fr,1220,35307,41,1.7
2026-09-29T07:42:36+00:00,fr,1512,44409,44,2.2
2026-09-29T08:12:39+00:00,fr,1824,53597,48,2.5
2026-09-29T08:42:38+00:00,fr,2094,64396,58,2.7
2026-09-29T09:12:42+00:00,fr,2180,79573,59,1.4
2026-09-29T09:42:38+00:00,fr,2282,91416,60,2.3
2026-09-29T10:12:39+00:00,fr,2192,99083,55,3.4
2026-09-29T10:42:39+00:00,fr,2194,105997,61,2.8
2026-09-29T11:12:41+00:00,fr,2431,113790,65,2.9
2026-09-29T11:42:40+00:00,fr,2752,116852,71,3.5
2026-09-29T12:12:40+00:00,fr,3336,124108,77,4.4
2026-09-29T12:42:41+00:00,fr,3852,142511,84,2.7
2026-09-29T13:12:37+00:00,fr,4168,150873,84,5.5
2026-09-29T13:42:38+00:00,fr,4332,153444,84,5.7
2026-09-29T14:12:42+00:00,fr,4469,159835,89,6.7
2026-09-29T14:42:43+00:00,fr,4658,161051,90,3.0
2026-09-29T15:12:44+00:00,fr,4940,182205,98,6.0
2026-09-29T15:42:36+00:00,fr,4957,171587,103,6.3
2026-09-29T16:12:39+00:00,fr,5456,164452,110,2.9
2026-09-29T16:42:36+00:00,fr,5516,185297,115,6.9
2026-09-29T17:12:38+00:00,fr,5907,192566,113,6.6
2026-09-29T17:42:37+00:00,fr,5790,204261,120,7.3
2026-09-29T18:12:41+00:00,fr,6266,228926,127,5.9
2026-09-29T18:42:50+00:00,fr,7370,261949,139,10.1
2026-09-29T19:12:36+00:00,fr,9054,278729,144,9.0
2026-09-29T19:42:37+00:00,fr,9908,293363,146,9.9
2026-09-29T20:12:42+00:00,fr,9846,299330,146,13.2
2026-09-29T20:42:38+00:00,fr,9402,287360,137,10.2
2026-09-29T21:12:40+00:00,fr,8255,256443,126,11.0
2026-09-29T21:42:44+00:00,fr,7290,238299,116,7.4
2026-09-29T22:12:47+00:00,fr,5956,195923,96,9.5
2026-09-29T22:42:38+00:00,fr,4995,159649,87,4.9
2026-09-29T23:12:35+00:00,fr,4221,137160,71,5.5
2026-09-29T23:42:39+00:00,fr,3513,113872,68,2.1
2026-09-30T00:12:37+00:00,fr,2952,94607,59,3.9
2026-09-30T00:42:37+00:00,fr,2586,81507,56,3.9
2026-09-30T01:12:36+00:00,fr,2149,63100,48,2.6
2026-09-30T01:42:38+00:00,fr,1872,55284,49,1.6
2026-09-30T02:12:36+00:00,fr,1549,47105,43,1.8
2026-09-30T02:42:37+00:00,fr,1366,40331,39,1.9
2026-09-30T03:12:36+00:00,fr,1126,33249,34,1.4
2026-09-30T03:42:37+00:00,fr,1000,22624,30,1.5
2026-09-30T04:12:39+00:00,fr,853,18801,31,1.6
2026-09-30T04:42:40+00:00,fr,814,18264,27,0.8
2026-09-30T05:12:36+00:00,fr,795,18724,28,1.2
2026-09-30T05:42:40+00:00,fr,811,20223,33,1.3
2026-09-30T06:12:37+00:00,fr,896,26021,33,1.1
2026-09-30T06:42:41+00:00,fr,1024,33105,39,0.9
2026-09-30T07:12:38+00:00,fr,1222,40228,45,1.0
2026-09-30T07:42:38+00:00,fr,1528,52437,49,1.9
2026-09-30T08:12:40+00:00,fr,1832,60715,59,1.4
2026-09-30T08:42:41+00:00,fr,1995,67945,63,1.4
2026-09-30T09:12:38+00:00,fr,2166,82785,70,2.1
2026-09-30T09:42:36+00:00,fr,2277,92360,71,2.8
2026-09-30T10:12:40+00:00,fr,2203,96702,73,1.5
2026-09-30T10:43:02+00:00,fr,2327,106058,75,2.4
2026-09-30T11:12:37+00:00,fr,2536,121124,76,3.0
2026-09-30T11:42:38+00:00,fr,2889,120283,77,4.8
2026-09-30T12:12:37+00:00,fr,3591,120637,81,4.8
2026-09-30T12:42:38+00:00,fr,4244,121234,91,5.3
2026-09-30T13:12:36+00:00,fr,4733,129414,86,6.9
2026-09-30T13:42:42+00:00,fr,5083,138602,93,6.4
2026-09-30T14:12:39+00:00,fr,5418,146108,104,6.8
2026-09-30T14:43:28+00:00,fr,5589,144227,104,6.5
2026-09-30T15:12:37+00:00,fr,5749,143697,103,3.9
2026-09-30T15:42:38+00:00,fr,5803,146310,104,8.9
2026-09-30T16:12:37+00:00,fr,5850,159956,104,9.5
2026-09-30T16:42:38+00:00,fr,5708,168056,100,6.3
2026-09-30T17:12:37+00:00,fr,5726,183130,102,6.1
2026-09-30T17:42:38+00:00,fr,5629,193403,113,5.7
2026-09-30T18:12:38+00:00,fr,6243,230973,114,7.3
2026-09-30T18:42:42+00:00,fr,7261,265266,134,7.3
2026-09-30T19:12:44+00:00,fr,8806,320382,139,4.3
2026-09-30T19:42:36+00:00,fr,9912,350531,152,10.4
2026-09-30T20:12:39+00:00,fr,9836,351213,141,11.6
2026-09-30T20:42:38+00:00,fr,9502,333177,133,6.8
2026-09-30T21:12:37+00:00,fr,8432,301577,132,9.1
2026-09-30T21:42:38+00:00,fr,7234,266255,108,8.0
2026-09-30T22:12:39+00:00,fr,5898,222729,91,3.0
2026-09-30T22:42:37+00:00,fr,4877,194219,79,6.3
2026-09-30T23:12:37+00:00,fr,4146,157878,77,4.4
2026-09-30T23:42:35+00:00,fr,3532,122775,72,4.9
2026-10-01T00:12:40+00:00,fr,3101,110511,57,3.1
2026-10-01T00:42:37+00:00,fr,2645,96510,52,3.2
2026-10-01T01:12:37+00:00,fr,2260,80619,48,3.0
2026-10-01T01:42:37+00:00,fr,1933,64047,42,1.3
2026-10-01T02:12:35+00:00,fr,1593,50970,39,1.9
2026-10-01T02:42:37+00:00,fr,1410,42522,33,1.4
2026-10-01T03:12:38+00:00,fr,1162,30986,29,1.5
2026-10-01T03:42:36+00:00,fr,1021,26838,29,1.3
2026-10-01T04:12:37+00:00,fr,936,24477,30,1.7
2026-10-01T04:42:41+00:00,fr,848,22499,28,1.3
2026-10-01T05:12:37+00:00,fr,804,22023,28,1.9
2026-10-01T05:42:37+00:00,fr,796,22660,30,1.3
2026-10-01T06:12:36+00:00,fr,898,24165,35,1.4
2026-10-01T06:42:42+00:00,fr,988,28109,41,0.8
2026-10-01T07:12:37+00:00,fr,1302,36421,45,1.8
2026-10-01T07:42:43+00:00,fr,1534,45855,44,2.0
2026-10-01T08:12:58+00:00,fr,1843,56781,58,2.0
2026-10-01T08:42:55+00:00,fr,2124,66017,58,2.1
2026-10-01T09:12:44+00:00,fr,2247,73659,63,1.4
2026-10-01T09:42:37+00:00,fr,2343,86131,67,2.4
2026-10-01T10:12:39+00:00,fr,2292,88033,66,2.7
2026-10-01T10:42:42+00:00,fr,2292,95926,68,1.5
2026-10-01T11:12:38+00:00,fr,2504,98279,74,3.1
2026-10-01T11:42:42+00:00,fr,2933,102991,78,3.5
2026-10-01T12:12:47+00:00,fr,3498,104894,85,2.3
2026-10-01T12:42:39+00:00,fr,3764,116207,91,4.1
2026-10-01T13:12:37+00:00,fr,4339,124071,97,5.2
2026-10-01T13:43:15+00:00,fr,4355,128948,99,5.6
2026-10-01T14:12:41+00:00,fr,4639,134064,103,5.2
2026-10-01T14:42:41+00:00,fr,4802,131915,101,5.3
2026-10-01T15:12:37+00:00,fr,4996,139130,99,6.0
2026-10-01T15:42:42+00:00,fr,5260,147381,105,6.3
2026-10-01T16:12:42+00:00,fr,5346,165131,108,6.5
2026-10-01T16:42:47+00:00,fr,5387,179642,109,6.1
2026-10-01T17:13:13+00:00,fr,5387,186723,112,7.6
2026-10-01T17:42:38+00:00,fr,5392,197402,114,3.4
2026-10-01T18:12:38+00:00,fr,5917,214263,115,6.2
2026-10-01T18:42:39+00:00,fr,6962,233055,124,6.5
2026-10-01T19:12:39+00:00,fr,8581,268946,142,9.5
2026-10-01T19:42:38+00:00,fr,10214,316566,147,11.0
2026-10-01T20:12:36+00:00,fr,10206,303375,149,10.6
2026-10-01T20:42:38+00:00,fr,9347,293233,140,9.4
2026-10-01T21:12:38+00:00,fr,8425,254457,122,4.8
2026-10-01T21:42:40+00:00,fr,7423,233320,117,9.0
2026-10-01T22:12:39+00:00,fr,5920,191088,102,7.4
2026-10-01T22:42:38+00:00,fr,4910,165224,89,5.9
2026-10-01T23:12:36+00:00,fr,4170,141620,83,4.7
2026-10-01T23:42:38+00:00,fr,3658,121726,72,3.4
2026-10-02T00:12:36+00:00,fr,3081,102371,64,4.2
2026-10-02T00:42:37+00:00,fr,2650,89653,59,2.6
2026-10-02T01:12:37+00:00,fr,2195,75954,55,1.6
2026-10-02T01:42:37+00:00,fr,1905,63105,52,3.5
2026-10-02T02:12:37+00:00,fr,1653,49677,51,1.9
2026-10-02T02:42:36+00:00,fr,1391,40674,44,2.1
2026-10-02T03:12:35+00:00,fr,1169,35707,43,2.1
2026-10-02T03:42:37+00:00,fr,1054,32833,38,1.1
2026-10-02T04:12:40+00:00,fr,933,27401,35,1.1
2026-10-02T04:42:36+00:00,fr,892,23811,33,1.5
2026-10-02T05:12:35+00:00,fr,796,22760,27,1.4
2026-10-02T05:43:13+00:00,fr,811,22915,31,1.2
2026-10-02T06:13:13+00:00,fr,869,25400,35,1.5
2026-10-02T06:42:37+00:00,fr,1012,30069,41,1.5
2026-10-02T07:12:36+00:00,fr,1353,38779,48,1.8
2026-10-02T07:42:41+00:00,fr,1585,48343,53,1.5
2026-10-02T08:12:39+00:00,fr,2063,58485,61,1.2
2026-10-02T08:42:44+00:00,fr,2217,66024,69,2.2
2026-10-02T09:12:37+00:00,fr,2311,85220,70,2.7
2026-10-02T09:42:40+00:00,fr,2347,96052,70,2.6
2026-10-02T10:12:37+00:00,fr,2343,98581,66,2.3
2026-10-02T10:42:38+00:00,fr,2315,102883,70,2.5
2026-10-02T11:12:37+00:00,fr,2537,114044,68,3.2
2026-10-02T11:42:38+00:00,fr,2844,126079,70,3.1
2026-10-02T12:12:40+00:00,fr,3285,121463,71,3.8
2026-10-02T12:42:40+00:00,fr,3842,137828,82,2.4
2026-10-02T13:12:39+00:00,fr,4069,114955,84,4.4
2026-10-02T13:42:46+00:00,fr,4493,121503,93,2.9
2026-10-02T14:12:39+00:00,fr,4750,119561,96,6.2
2026-10-02T14:42:41+00:00,fr,4781,122644,100,4.4
2026-10-02T15:12:39+00:00,fr,5052,136485,104,6.4
2026-10-02T15:42:40+00:00,fr,5215,146627,102,6.3
2026-10-02T16:12:38+00:00,fr,5297,153468,108,6.5
2026-10-02T16:42:38+00:00,fr,5473,157877,105,5.6
2026-10-02T17:12:39+00:00,fr,5619,167770,108,7.0
2026-10-02T17:42:38+00:00,fr,5714,176817,114,5.4
2026-10-02T18:12:38+00:00,fr,6212,193456,118,7.1
2026-10-02T18:42:38+00:00,fr,7194,206709,128,6.3
2026-10-02T19:12:40+00:00,fr,8234,213389,133,4.9
2026-10-02T19:42:36+00:00,fr,9265,242805,139,10.1
2026-10-02T20:12:43+00:00,fr,9802,239577,137,5.4
2026-10-02T20:42:38+00:00,fr,9614,251531,135,5.3
2026-10-02T21:12:39+00:00,fr,9018,259712,132,10.7
2026-10-02T21:42:38+00:00,fr,8507,248385,120,8.8
2026-10-02T22:12:36+00:00,fr,7431,220208,110,4.2
2026-10-02T22:42:35+00:00,fr,6295,196382,96,8.3
2026-10-02T23:12:38+00:00,fr,5350,155699,86,6.0
2026-10-02T23:42:36+00:00,fr,4590,133145,77,6.1
2026-10-03T00:12:37+00:00,fr,4030,116694,71,5.0
2026-10-03T00:42:41+00:00,fr,3325,102755,68,3.5
2026-10-03T01:12:41+00:00,fr,2911,83828,59,3.7
2026-10-03T01:42:37+00:00,fr,2448,69537,55,1.5
2026-10-03T02:12:38+00:00,fr,2028,57547,46,2.8
2026-10-03T02:42:38+00:00,fr,1729,45901,41,1.6
2026-10-03T03:12:38+00:00,fr,1504,34741,37,1.1
2026-10-03T03:42:42+00:00,fr,1310,32597,32,1.0
2026-10-03T04:12:36+00:00,fr,1154,27121,27,1.2
2026-10-03T04:42:36+00:00,fr,1091,25224,27,1.5
2026-10-03T05:12:39+00:00,fr,951,23359,28,1.4
2026-10-03T05:42:37+00:00,fr,953,23735,35,0.8
2026-10-03T06:12:35+00:00,fr,1013,26370,37,1.8
2026-10-03T06:42:35+00:00,fr,1104,31110,44,1.8
2026-10-03T07:12:37+00:00,fr,1256,38004,47,1.0
2026-10-03T07:42:37+00:00,fr,1563,48018,50,1.5
2026-10-03T08:12:38+00:00,fr,1957,61052,55,1.7
2026-10-03T08:42:40+00:00,fr,2397,73444,63,3.5
2026-10-03T09:12:37+00:00,fr,2734,87328,72,3.1
2026-10-03T09:42:36+00:00,fr,2888,95967,81,4.2
2026-10-03T10:12:38+00:00,fr,3053,110931,79,2.0
2026-10-03T10:42:35+00:00,fr,3025,122820,82,4.2
2026-10-03T11:12:38+00:00,fr,3371,130798,80,4.7
2026-10-03T11:42:37+00:00,fr,3789,151924,83,4.4
2026-10-03T12:12:34+00:00,fr,4448,167213,87,5.3
2026-10-03T12:42:37+00:00,fr,4984,178027,94,5.6
2026-10-03T13:12:37+00:00,fr,5654,184679,103,3.3
2026-10-03T13:42:41+00:00,fr,6105,183268,108,7.2
2026-10-03T14:12:35+00:00,fr,6228,196856,113,6.2
2026-10-03T14:42:39+00:00,fr,6094,145835,116,6.7
2026-10-03T15:12:37+00:00,fr,6444,153180,110,6.8
2026-10-03T15:42:36+00:00,fr,6457,157307,109,7.0
2026-10-03T16:12:34+00:00,fr,6304,167521,104,6.3
2026-10-03T16:42:40+00:00,fr,6058,175437,113,6.7
2026-10-03T17:12:37+00:00,fr,6133,184854,116,6.6
2026-10-03T17:42:40+00:00,fr,5852,193477,112,6.7
2026-10-03T18:12:37+00:00,fr,6164,202329,106,6.4
2026-10-03T18:42:37+00:00,fr,6860,218884,113,7.2
2026-10-03T19:12:37+00:00,fr,8496,228860,125,8.2
2026-10-03T19:42:39+00:00,fr,9187,241815,124,9.4
2026-10-03T20:12:37+00:00,fr,9429,271199,131,7.7
2026-10-03T20:42:38+00:00,fr,9419,259064,125,4.9
2026-10-03T21:12:35+00:00,fr,8817,252777,124,10.0
2026-10-03T21:42:36+00:00,fr,8299,239470,115,8.9
2026-10-03T22:12:39+00:00,fr,7225,217858,110,7.2
2026-10-03T22:42:37+00:00,fr,6178,181137,104,6.9
2026-10-03T23:12:36+00:00,fr,5295,151726,87,5.5
2026-10-03T23:42:36+00:00,fr,4592,135098,78,5.0
2026-10-04T00:12:36+00:00,fr,3913,117124,69,4.4
2026-10-04T00:42:37+00:00,fr,3364,110458,64,4.3
2026-10-04T01:12:39+00:00,fr,2748,83172,61,1.8
2026-10-04T01:42:37+00:00,fr,2384,56030,53,3.0
2026-10-04T02:12:36+00:00,fr,2047,53984,44,2.8
2026-10-04T02:42:37+00:00,fr,1714,44844,35,2.1
2026-10-04T03:12:36+00:00,fr,1483,30909,32,1.8
2026-10-04T03:42:36+00:00,fr,1314,26388,31,1.9
2026-10-04T04:12:37+00:00,fr,1108,22995,29,1.2
2026-10-04T04:42:37+00:00,fr,1026,21318,29,1.9
2026-10-04T05:12:37+00:00,fr,976,21093,28,1.4
2026-10-04T05:42:38+00:00,fr,978,21375,28,1.5
2026-10-04T06:12:35+00:00,fr,1017,22619,31,1.4
2026-10-04T06:42:37+00:00,fr,1097,26462,39,1.0
2026-10-04T07:12:36+00:00,fr,1355,40475,42,1.4
2026-10-04T07:42:36+00:00,fr,1663,50311,51,2.2
2026-10-04T08:12:38+00:00,fr,2085,64564,62,3.2
2026-10-04T08:42:37+00:00,fr,2438,73428,70,3.1
2026-10-04T09:12:35+00:00,fr,2852,88792,74,3.9
2026-10-04T09:42:36+00:00,fr,3104,98573,75,4.4
2026-10-04T10:12:36+00:00,fr,3163,106984,80,3.8
2026-10-04T10:42:39+00:00,fr,3154,115204,81,4.4
2026-10-04T11:12:35+00:00,fr,3518,125704,82,4.4
2026-10-04T11:42:40+00:00,fr,3996,137466,83,4.7
2026-10-04T12:12:37+00:00,fr,4766,149507,92,5.0
2026-10-04T12:42:37+00:00,fr,5504,155998,96,6.2
2026-10-04T13:12:35+00:00,fr,6340,164592,110,6.8
2026-10-04T13:42:37+00:00,fr,6772,173914,118,5.9
2026-10-04T14:12:38+00:00,fr,7124,177916,123,8.2
2026-10-04T14:43:13+00:00,fr,7094,178365,130,7.9
2026-10-04T15:12:36+00:00,fr,7209,183081,134,7.4
2026-10-04T15:42:38+00:00,fr,7131,195611,123,6.4
2026-10-04T16:12:38+00:00,fr,6893,206493,126,6.2
2026-10-04T16:42:36+00:00,fr,6701,219796,128,7.7
2026-10-04T17:12:36+00:00,fr,6238,244803,123,7.3
2026-10-04T17:42:36+00:00,fr,5975,258958,122,6.2
2026-10-04T18:12:35+00:00,fr,6086,277758,125,6.9
2026-10-04T18:42:38+00:00,fr,6955,298795,133,8.2
2026-10-04T19:12:36+00:00,fr,7962,327434,131,8.5
2026-10-04T19:42:38+00:00,fr,9041,343229,135,7.6
2026-10-04T20:12:37+00:00,fr,8912,331798,129,9.3
2026-10-04T20:42:39+00:00,fr,8538,309493,125,8.2
2026-10-04T21:12:36+00:00,fr,7547,294158,117,7.7
2026-10-04T21:42:35+00:00,fr,6590,260720,99,7.4
2026-10-04T22:12:39+00:00,fr,5358,215982,90,3.0
2026-10-04T22:42:36+00:00,fr,4474,188628,81,2.8
2026-10-04T23:12:40+00:00,fr,3717,169591,68,4.9
2026-10-04T23:42:39+00:00,fr,3240,143089,63,2.2
2026-10-05T00:12:40+00:00,fr,2691,123356,60,2.6
2026-10-05T00:42:37+00:00,fr,2426,94894,53,2.8
2026-10-05T01:12:38+00:00,fr,2070,77694,53,2.7
2026-10-05T01:42:36+00:00,fr,1798,65809,50,2.7
2026-10-05T02:12:37+00:00,fr,1532,52577,41,2.6
2026-10-05T02:42:36+00:00,fr,1261,40687,35,1.9
2026-10-05T03:12:42+00:00,fr,1122,31141,31,1.6
2026-10-05T03:42:37+00:00,fr,1004,27959,30,1.4
2026-10-05T04:12:37+00:00,fr,916,24431,33,0.8
2026-10-05T04:42:36+00:00,fr,845,22100,32,1.3
2026-10-05T05:12:36+00:00,fr,770,18809,30,1.4
2026-10-05T05:42:35+00:00,fr,812,21847,33,1.2
2026-10-05T06:13:14+00:00,fr,798,21826,35,1.5
2026-10-05T06:42:36+00:00,fr,965,26766,37,1.7
2026-10-05T07:12:38+00:00,fr,1284,34854,45,1.5
2026-10-05T07:42:38+00:00,fr,1485,44887,54,1.9
2026-10-05T08:13:03+00:00,fr,1728,54692,57,2.2
2026-10-05T08:42:39+00:00,fr,1971,62419,58,2.7
2026-10-05T09:14:56+00:00,fr,2001,73138,60,2.1
2026-10-05T09:42:38+00:00,fr,2106,78755,62,2.5
2026-10-05T10:13:14+00:00,fr,1994,85357,65,2.2
2026-10-05T10:42:41+00:00,fr,2052,85792,66,1.4
2026-10-05T11:12:37+00:00,fr,2377,90996,68,2.4
2026-10-05T11:42:38+00:00,fr,2435,96264,74,1.6
2026-10-05T12:12:38+00:00,fr,2986,99293,75,3.4
2026-10-05T12:42:37+00:00,fr,3374,102429,74,2.2
2026-10-05T13:12:36+00:00,fr,3788,112699,80,4.7
2026-10-05T13:42:42+00:00,fr,4100,119046,84,4.7
2026-10-05T14:12:55+00:00,fr,4279,119397,82,4.5
2026-10-05T14:42:37+00:00,fr,4494,129482,85,5.2
2026-10-05T15:12:37+00:00,fr,4818,136116,86,4.9
2026-10-05T15:42:40+00:00,fr,4962,146736,92,5.6
2026-10-05T16:12:37+00:00,fr,5288,155101,93,6.1
2026-10-05T16:42:38+00:00,fr,5577,167271,105,7.0
2026-10-05T17:12:37+00:00,fr,5810,188620,112,6.6
2026-10-05T17:42:37+00:00,fr,5598,203589,105,5.3
2026-10-05T18:12:35+00:00,fr,6197,249091,110,7.8
2026-10-05T18:42:38+00:00,fr,6782,281549,124,6.1
2026-10-05T19:12:49+00:00,fr,8441,335826,130,7.5
2026-10-05T20:42:49+00:00,fr,8697,289399,122,10.0
2026-10-05T21:12:46+00:00,fr,7692,273905,117,8.1
2026-10-05T21:42:37+00:00,fr,6866,260263,110,7.2
2026-10-05T22:12:38+00:00,fr,5653,249735,99,6.4
2026-10-05T22:42:40+00:00,fr,4729,228428,82,5.7
2026-10-05T23:12:40+00:00,fr,4022,149087,81,4.3
2026-10-05T23:43:16+00:00,fr,3424,131160,73,4.0
2026-10-06T00:12:36+00:00,fr,2926,103774,65,3.9
2026-10-06T00:42:38+00:00,fr,2654,85280,56,3.1
2026-10-06T01:12:35+00:00,fr,2154,67519,48,2.5
2026-10-06T01:42:37+00:00,fr,1839,53288,44,2.8
2026-10-06T02:12:41+00:00,fr,1527,45383,39,1.1
2026-10-06T02:42:36+00:00,fr,1312,37103,36,2.2
2026-10-06T03:12:37+00:00,fr,1159,32304,35,1.9
2026-10-06T03:42:38+00:00,fr,953,27968,29,0.9
2026-10-06T04:12:35+00:00,fr,850,24682,28,1.4
2026-10-06T04:42:38+00:00,fr,819,21929,24,1.3
2026-10-06T05:12:35+00:00,fr,783,22104,26,1.3
2026-10-06T05:42:36+00:00,fr,760,23330,29,1.3
2026-10-06T06:12:35+00:00,fr,866,25595,34,1.4
2026-10-06T06:42:37+00:00,fr,927,29009,37,1.6
2026-10-06T07:12:35+00:00,fr,1302,37790,42,1.9
2026-10-06T07:42:39+00:00,fr,1606,50575,45,2.4
2026-10-06T08:12:38+00:00,fr,1816,60320,50,1.9
2026-10-06T08:42:39+00:00,fr,2063,71682,55,2.7
2026-10-06T09:12:37+00:00,fr,2240,77318,58,2.6
2026-10-06T09:42:40+00:00,fr,2289,78075,64,2.6
2026-10-06T10:12:36+00:00,fr,2313,84852,64,2.6
2026-10-06T10:42:37+00:00,fr,2277,92171,67,1.4
2026-10-06T11:12:37+00:00,fr,2463,95721,66,2.5
2026-10-06T11:42:38+00:00,fr,2785,98245,72,3.7
2026-10-06T12:12:36+00:00,fr,3481,109203,82,3.9
2026-10-06T12:42:42+00:00,fr,3889,118459,85,6.3
2026-10-06T13:12:39+00:00,fr,4215,120695,85,4.3
2026-10-06T13:42:39+00:00,fr,4459,126186,82,2.3
2026-10-06T14:12:39+00:00,fr,4572,131185,85,5.6
2026-10-06T14:42:40+00:00,fr,4658,134965,88,4.9
2026-10-06T15:12:39+00:00,fr,4908,147457,90,2.9
2026-10-06T15:42:38+00:00,fr,4824,151701,93,2.6
2026-10-06T16:13:17+00:00,fr,5155,163338,94,2.8
2026-10-06T16:42:38+00:00,fr,5361,168653,104,2.9
2026-10-06T17:12:40+00:00,fr,5603,198482,107,6.3
2026-10-06T17:42:38+00:00,fr,5563,208678,102,6.6
2026-10-06T18:12:37+00:00,fr,6137,242362,117,6.7
2026-10-06T18:42:39+00:00,fr,7212,276561,133,6.0
2026-10-06T19:12:36+00:00,fr,8854,302136,134,9.8
2026-10-06T19:42:36+00:00,fr,9909,326805,147,11.1
2026-10-06T20:12:38+00:00,fr,9890,327189,137,7.2
2026-10-06T20:42:37+00:00,fr,9425,315169,132,10.3
2026-10-06T21:12:40+00:00,fr,8226,291502,120,7.1
2026-10-06T21:42:36+00:00,fr,7133,252038,108,7.9
2026-10-06T22:12:38+00:00,fr,5722,212605,90,5.4
2026-10-06T22:42:36+00:00,fr,4714,160043,81,6.0
2026-10-06T23:12:37+00:00,fr,4010,136061,73,4.9
2026-10-06T23:42:37+00:00,fr,3415,113228,60,2.2
2026-10-07T00:12:38+00:00,fr,2942,97027,58,2.0
2026-10-07T00:42:37+00:00,fr,2518,76266,56,3.2
2026-10-07T01:12:36+00:00,fr,2168,65442,47,3.4
2026-10-07T01:42:37+00:00,fr,1854,57582,43,2.5
2026-10-07T02:12:35+00:00,fr,1527,46712,38,2.6
2026-10-07T02:42:37+00:00,fr,1305,36990,36,1.5
2026-10-07T03:12:38+00:00,fr,1154,26955,30,1.2
2026-10-07T03:42:40+00:00,fr,1024,24220,28,1.5
2026-10-07T04:12:37+00:00,fr,883,21701,26,1.2
2026-10-07T04:42:38+00:00,fr,804,19910,26,1.3
2026-10-07T05:12:36+00:00,fr,775,19490,28,1.4
2026-10-07T05:42:37+00:00,fr,738,20791,30,0.9
2026-10-07T06:12:36+00:00,fr,839,23967,33,1.2
2026-10-07T06:42:37+00:00,fr,937,27182,34,1.5
2026-10-07T07:12:37+00:00,fr,1225,34777,37,1.9
2026-10-07T07:42:37+00:00,fr,1474,45662,43,2.1
2026-10-07T08:13:11+00:00,fr,1756,57193,52,2.4
2026-10-07T08:42:38+00:00,fr,2009,66334,59,2.2
2026-10-07T09:12:45+00:00,fr,2131,73146,64,1.4
2026-10-07T09:42:37+00:00,fr,2131,80321,64,3.3
2026-10-07T10:13:21+00:00,fr,2210,84686,71,1.5
2026-10-07T10:42:45+00:00,fr,2238,91948,68,2.3
2026-10-07T11:12:38+00:00,fr,2397,94060,71,2.9
2026-10-07T11:42:37+00:00,fr,2796,97820,70,3.7
2026-10-07T12:12:39+00:00,fr,3530,108143,76,3.8
2026-10-07T12:42:38+00:00,fr,4149,113906,79,4.6
2026-10-07T13:12:39+00:00,fr,4679,116030,81,6.2
2026-10-07T13:42:39+00:00,fr,4877,118603,81,4.7
2026-10-07T14:12:39+00:00,fr,5074,121631,88,5.7
2026-10-07T14:42:37+00:00,fr,5287,123777,90,5.8
2026-10-07T15:18:08+00:00,fr,5439,136700,94,3.3
2026-10-07T15:46:28+00:00,fr,5613,148572,99,3.3
2026-10-07T16:16:23+00:00,fr,5589,161385,110,6.5
2026-10-07T16:46:15+00:00,fr,5682,175309,116,6.0
2026-10-07T17:16:09+00:00,fr,5359,186795,113,6.3
2026-10-07T17:46:09+00:00,fr,5328,207487,118,5.9
2026-10-07T18:16:09+00:00,fr,6019,247026,123,7.0
2026-10-07T18:46:10+00:00,fr,6992,282476,129,8.7
2026-10-07T19:16:23+00:00,fr,8822,333013,146,4.6
2026-10-07T19:46:10+00:00,fr,9942,380166,148,10.2
2026-10-07T20:16:09+00:00,fr,10055,390331,141,11.0
2026-10-07T20:46:09+00:00,fr,9369,350869,135,10.3
2026-10-07T21:16:13+00:00,fr,8265,320958,123,9.3
2026-10-07T21:46:10+00:00,fr,7039,284355,105,3.6
2026-10-07T22:16:10+00:00,fr,5776,239163,94,7.0
2026-10-07T22:46:11+00:00,fr,4796,185000,83,2.6
2026-10-07T23:16:09+00:00,fr,3991,149989,73,4.0
2026-10-07T23:46:11+00:00,fr,3407,127893,67,3.4
2026-10-08T00:16:09+00:00,fr,2877,107187,60,2.8
2026-10-08T00:46:10+00:00,fr,2504,91523,52,3.4
2026-10-08T01:16:09+00:00,fr,2061,73650,45,2.8
2026-10-08T01:46:10+00:00,fr,1778,50788,43,2.2
2026-10-08T02:16:08+00:00,fr,1490,43890,39,2.1
2026-10-08T02:46:15+00:00,fr,1294,36195,36,1.7
2026-10-08T03:16:07+00:00,fr,1101,31278,35,2.1
2026-10-08T03:46:11+00:00,fr,990,25414,34,1.1
2026-10-08T04:16:07+00:00,fr,884,21397,29,1.8
2026-10-08T04:46:08+00:00,fr,817,20341,24,0.8
2026-10-08T05:16:09+00:00,fr,793,20796,26,0.9
2026-10-08T05:46:09+00:00,fr,825,21885,28,1.0
2026-10-08T06:16:29+00:00,fr,901,23567,28,0.7
2026-10-08T06:46:32+00:00,fr,1050,28718,34,0.9
2026-10-08T07:17:03+00:00,fr,1373,39589,41,1.2
2026-10-08T07:47:18+00:00,fr,1635,47186,53,1.7
2026-10-08T08:17:56+00:00,fr,1865,57965,56,1.3
2026-10-08T08:47:55+00:00,fr,2174,67849,59,2.7
2026-10-08T09:17:48+00:00,fr,2256,80185,63,2.5
2026-10-08T09:47:35+00:00,fr,2361,89727,69,2.2
2026-10-08T10:18:32+00:00,fr,2377,95524,68,2.1
2026-10-08T10:47:29+00:00,fr,2362,98879,66,1.5
2026-10-08T11:17:05+00:00,fr,2568,105115,76,1.6
2026-10-08T11:46:52+00:00,fr,2811,112241,73,4.2
2026-10-08T12:17:04+00:00,fr,3363,117050,77,2.2
2026-10-08T12:47:28+00:00,fr,3849,121269,85,4.0
2026-10-08T13:17:06+00:00,fr,4164,127623,86,5.0
2026-10-08T13:46:54+00:00,fr,4506,128835,91,5.1
2026-10-08T14:17:00+00:00,fr,4585,126935,91,4.7
2026-10-08T14:46:39+00:00,fr,4789,130655,91,5.5
2026-10-08T15:16:58+00:00,fr,4972,133201,86,5.8
2026-10-08T15:46:33+00:00,fr,5062,142917,98,3.1
2026-10-08T16:16:21+00:00,fr,5343,159243,101,6.0
2026-10-08T16:46:15+00:00,fr,5396,171793,108,6.8
2026-10-08T17:16:08+00:00,fr,5420,182363,118,6.1
2026-10-08T17:46:12+00:00,fr,5249,189848,113,2.8
2026-10-08T18:16:11+00:00,fr,5978,215212,123,7.4
2026-10-08T18:46:10+00:00,fr,6794,223773,124,6.0
2026-10-08T19:16:08+00:00,fr,8701,258507,137,9.3
2026-10-08T19:46:13+00:00,fr,10037,284765,145,9.4
2026-10-08T20:16:10+00:00,fr,10035,279178,146,12.0
2026-10-08T20:46:08+00:00,fr,9296,264876,139,9.1
2026-10-08T21:16:09+00:00,fr,8258,241833,126,9.5
2026-10-08T21:46:16+00:00,fr,7117,219573,116,7.7
2026-10-08T22:16:09+00:00,fr,5855,188794,96,7.5
2026-10-08T22:46:08+00:00,fr,4749,154815,88,5.9
2026-10-08T23:16:47+00:00,fr,4075,131267,76,5.0
2026-10-08T23:46:09+00:00,fr,3399,109785,69,3.3
2026-10-09T00:16:08+00:00,fr,2996,87727,65,3.0
2026-10-09T00:46:09+00:00,fr,2611,73108,55,3.9
2026-10-09T01:16:11+00:00,fr,2130,57854,47,1.5
2026-10-09T01:46:11+00:00,fr,1841,50895,46,3.0
2026-10-09T02:16:11+00:00,fr,1558,40105,42,1.6
2026-10-09T02:46:08+00:00,fr,1308,32286,37,1.0
2026-10-09T03:16:08+00:00,fr,1161,29997,37,1.6
2026-10-09T03:46:12+00:00,fr,1029,25099,33,0.8
2026-10-09T04:16:11+00:00,fr,944,22575,31,4.4
2026-10-09T04:46:08+00:00,fr,871,20998,30,1.4
2026-10-09T05:16:08+00:00,fr,861,19095,28,1.4
2026-10-09T05:46:45+00:00,fr,863,19785,32,1.5
2026-10-09T06:16:14+00:00,fr,870,22341,33,1.5
2026-10-09T06:46:19+00:00,fr,1039,27532,38,1.1
2026-10-09T07:16:41+00:00,fr,1322,35372,47,1.0
2026-10-09T07:46:39+00:00,fr,1668,45327,58,2.3
2026-10-09T08:17:05+00:00,fr,1911,58497,64,1.2
2026-10-09T08:46:37+00:00,fr,2164,68293,67,1.9
2026-10-09T09:17:09+00:00,fr,2283,76112,68,3.0
2026-10-09T09:46:48+00:00,fr,2370,84719,70,2.7
2026-10-09T10:17:00+00:00,fr,2268,96591,72,2.6
2026-10-09T10:46:51+00:00,fr,2345,104365,79,2.4
2026-10-09T11:16:37+00:00,fr,2528,109334,81,2.6
2026-10-09T11:46:39+00:00,fr,2962,120188,84,4.1
2026-10-09T12:16:46+00:00,fr,3438,122397,88,4.2
2026-10-09T12:46:56+00:00,fr,3996,130921,91,4.6
2026-10-09T13:16:48+00:00,fr,4349,137899,95,4.4
2026-10-09T13:46:46+00:00,fr,4382,139873,103,4.7
2026-10-09T14:16:35+00:00,fr,4619,148137,109,4.6
2026-10-09T14:46:44+00:00,fr,4808,153740,100,4.5
2026-10-09T15:16:31+00:00,fr,4917,153796,106,5.1
2026-10-09T15:46:14+00:00,fr,5199,162058,106,6.0
2026-10-09T16:16:16+00:00,fr,5429,170286,110,6.2
2026-10-09T16:46:12+00:00,fr,5588,175066,118,6.9
2026-10-09T17:16:07+00:00,fr,5521,186508,116,6.0
2026-10-09T17:46:10+00:00,fr,5562,195802,130,5.1
2026-10-09T18:16:08+00:00,fr,6226,210974,130,6.5
2026-10-09T18:46:10+00:00,fr,7296,228450,141,8.2
2026-10-09T19:16:07+00:00,fr,8950,244987,151,7.6
2026-10-09T19:46:14+00:00,fr,10231,265649,152,11.6
2026-10-09T20:16:09+00:00,fr,10437,263282,150,11.5
2026-10-09T20:46:08+00:00,fr,10155,261209,143,11.8
2026-10-09T21:16:08+00:00,fr,9624,256425,132,7.8
2026-10-09T21:46:08+00:00,fr,8410,229630,123,10.7
2026-10-09T22:16:08+00:00,fr,7296,207149,105,4.3
2026-10-09T22:46:09+00:00,fr,6175,177700,94,7.0
2026-10-09T23:16:08+00:00,fr,5174,149241,79,3.2
2026-10-09T23:46:07+00:00,fr,4467,127066,74,6.2
2026-10-10T00:16:07+00:00,fr,3814,112374,66,4.6
2026-10-10T00:46:07+00:00,fr,3275,88667,65,4.1
2026-10-10T01:16:08+00:00,fr,2738,75387,56,4.1
2026-10-10T01:46:08+00:00,fr,2248,63296,50,2.5
2026-10-10T02:16:09+00:00,fr,1951,53191,45,3.4
2026-10-10T02:46:08+00:00,fr,1632,42039,42,2.6
2026-10-10T03:16:08+00:00,fr,1472,34860,41,1.9
2026-10-10T03:46:07+00:00,fr,1296,31325,37,2.0
2026-10-10T04:16:07+00:00,fr,1194,27292,34,1.2
2026-10-10T04:46:08+00:00,fr,1062,24050,36,1.7
2026-10-10T05:16:06+00:00,fr,996,22773,35,1.5
2026-10-10T05:46:08+00:00,fr,976,23018,34,1.4
2026-10-10T06:16:10+00:00,fr,997,25118,36,0.9
